"ID"	"Name"	"RA"	"DEC"	"Obj. Type"	"Redshift"	"Host Name"	"Host Redshift"	"Reporting Group/s"	"Discovery Data Source/s"	"Classifying Group/s"	"Associated Group/s"	"Disc. Internal Name"	"Disc. Instrument/s"	"Class. Instrument/s"	"TNS AT"	"Public"	"End Prop. Period"	"Discovery Mag/Flux"	"Discovery Filter"	"Discovery Date (UT)"	"Sender"	"Remarks"	"Ext. catalog/s"
"51765"	"AT 2020io"	"09:27:37.978"	"+08:57:57.99"	""	""	""	""	"ZTF, Pan-STARRS1"	"ZTF, Pan-STARRS1"	""	"Pan-STARRS1; ZTF"	"ZTF20aaavzns"	"P48 - ZTF-Cam, PS1 - GPC1"	""	"1"	"1"	""	"19.14"	"r-ZTF"	"2020-01-01 10:14:57.000"	"ZTF_AMPEL_NEW"	""	""
"51763"	"SN 2020in"	"09:53:01.850"	"+20:14:03.53"	"SN IIn"	"0.11"	""	""	"ZTF, Pan-STARRS1"	"ZTF, Pan-STARRS1"	"ZTF"	"Pan-STARRS1; ZTF"	"ZTF20aaaweke"	"P48 - ZTF-Cam, PS1 - GPC1"	"APO-3.5m - DIS"	"1"	"1"	""	"19.56"	"r-ZTF"	"2020-01-01 10:19:49.000"	"ZTF_AMPEL_COMPLETE"	""	""
"51762"	"AT 2020im"	"13:21:09.221"	"+68:58:33.57"	""	""	""	""	"ZTF"	"ZTF"	""	"ZTF"	"ZTF19adcfxxe"	"P48 - ZTF-Cam"	""	"1"	"1"	""	"19.7"	"g-ZTF"	"2020-01-02 12:50:36.000"	"ZTF_AMPEL_COMPLETE"	""	""
"51761"	"AT 2020il"	"09:05:57.599"	"+56:27:00.43"	""	""	""	""	"ZTF"	"ZTF"	""	"ZTF"	"ZTF19adcdgms"	"P48 - ZTF-Cam"	""	"1"	"1"	""	"19.57"	"r-ZTF"	"2020-01-02 11:23:28.000"	"ZTF_AMPEL_COMPLETE"	""	""
"51757"	"AT 2020ik"	"05:53:09.558"	"+59:11:20.77"	""	""	""	""	"ZTF"	"ZTF"	""	"ZTF"	"ZTF19abvhdwj"	"P48 - ZTF-Cam"	""	"1"	"1"	""	"17.26"	"r-ZTF"	"2020-01-03 10:16:20.000"	"ZTF_AMPEL_COMPLETE"	""	""
"51756"	"AT 2020ij"	"07:03:07.803"	"+70:02:33.79"	""	""	""	""	"ZTF"	"ZTF"	""	"ZTF"	"ZTF19aaneoml"	"P48 - ZTF-Cam"	""	"1"	"1"	""	"18.98"	"g-ZTF"	"2020-01-01 11:40:16.000"	"ZTF_AMPEL_COMPLETE"	""	""
"51754"	"AT 2020ii"	"09:49:42.619"	"+61:30:20.62"	""	""	""	""	"ZTF"	"ZTF"	""	"ZTF"	"ZTF18acqrcks"	"P48 - ZTF-Cam"	""	"1"	"1"	""	"19.89"	"r-ZTF"	"2020-01-01 10:30:38.000"	"ZTF_AMPEL_COMPLETE"	""	""
"51753"	"AT 2020ih"	"06:02:15.987"	"+53:42:35.38"	""	""	""	""	"ZTF"	"ZTF"	""	"ZTF"	"ZTF17aabdxmp"	"P48 - ZTF-Cam"	""	"1"	"1"	""	"18.33"	"g-ZTF"	"2020-01-05 10:48:50.000"	"ZTF_AMPEL_COMPLETE"	""	""
"51752"	"AT 2020ig"	"03:38:43.350"	"+41:24:08.57"	""	""	""	""	"Pan-STARRS1"	"Pan-STARRS1"	""	"Pan-STARRS1"	"PS20ap"	"PS1 - GPC1"	""	"1"	"1"	""	"21.36"	"i-Sloan"	"2020-01-01 07:14:52.000"	"PS1_Bot1"	""	""
"51751"	"AT 2020if"	"10:35:02.222"	"+07:29:36.87"	""	""	""	""	"Pan-STARRS1"	"Pan-STARRS1"	""	"Pan-STARRS1"	"PS20ao"	"PS1 - GPC1"	""	"1"	"1"	""	"21.54"	"w-PS1"	"2020-01-02 13:29:16.000"	"PS1_Bot1"	""	""
"51750"	"AT 2020ie"	"08:31:29.820"	"-04:25:51.90"	""	""	""	""	"MASTER"	"MASTER"	""	"MASTER"	"MASTER OT J083129.82-042551.9"	"Other - Other"	""	"1"	"1"	""	"16.6"	"Clear-"	"2020-01-05 23:54:44.000"	"MASTER"	""	""
"51749"	"AT 2020id"	"12:01:17.291"	"-04:04:43.70"	""	""	""	""	"Pan-STARRS1"	"Pan-STARRS1"	""	"Pan-STARRS1"	"PS20an"	"PS1 - GPC1"	""	"1"	"1"	""	"21.44"	"w-PS1"	"2020-01-02 15:00:00.000"	"PS1_Bot1"	""	""
"51748"	"AT 2020ic"	"06:44:27.842"	"+52:10:13.50"	""	""	""	""	"Pan-STARRS1"	"Pan-STARRS1"	""	"Pan-STARRS1"	"PS20am"	"PS1 - GPC1"	""	"1"	"1"	""	"21.92"	"w-PS1"	"2020-01-02 10:49:26.000"	"PS1_Bot1"	""	""
"51747"	"AT 2020ib"	"11:55:11.648"	"-39:30:09.81"	""	""	""	""	"ATLAS"	"ATLAS"	""	"ATLAS"	"ATLAS20asq"	"ATLAS1 - ACAM1"	""	"1"	"1"	""	"18.179"	"orange-ATLAS"	"2020-01-03 13:24:57.000"	"ATLAS_Bot1"	""	""
"51746"	"AT 2020ia"	"08:27:42.005"	"-16:11:26.92"	""	""	""	""	"ATLAS"	"ATLAS"	""	"ATLAS"	"ATLAS20asp"	"ATLAS1 - ACAM1"	""	"1"	"1"	""	"18.641"	"orange-ATLAS"	"2020-01-03 12:00:00.000"	"ATLAS_Bot1"	""	""
"51745"	"SN 2020hz"	"05:31:10.507"	"+01:43:09.02"	"SN Ia"	"0.049"	""	""	"ZTF, ATLAS"	"ZTF, ATLAS"	"ZTF"	"ATLAS; ZTF"	"ZTF20aadfyjl"	"ATLAS1 - ACAM1, P48 - ZTF-Cam"	"APO-3.5m - DIS"	"1"	"1"	""	"18.73"	"g-ZTF"	"2020-01-05 02:38:55.000"	"ZTF_AMPEL_NEW"	""	""
"51744"	"AT 2020hy"	"10:04:50.525"	"-12:50:58.51"	""	""	""	""	"ZTF"	"ZTF"	""	"ZTF"	"ZTF20aabqniw"	"P48 - ZTF-Cam"	""	"1"	"1"	""	"19.11"	"r-ZTF"	"2020-01-02 11:01:58.000"	"ZTF_AMPEL_NEW"	""	""
"51743"	"AT 2020hx"	"09:57:37.660"	"-18:10:42.66"	""	""	""	""	"ZTF"	"ZTF"	""	"ZTF"	"ZTF20aabpntv"	"P48 - ZTF-Cam"	""	"1"	"1"	""	"19.02"	"r-ZTF"	"2020-01-02 11:02:36.000"	"ZTF_AMPEL_NEW"	""	""
"51742"	"AT 2020hw"	"23:38:44.051"	"+30:31:23.71"	""	""	""	""	"ZTF"	"ZTF"	""	"ZTF"	"ZTF20aabbvry"	"P48 - ZTF-Cam"	""	"1"	"1"	""	"18.62"	"g-ZTF"	"2020-01-01 02:55:54.000"	"ZTF_AMPEL_NEW"	""	""
"51740"	"AT 2020hv"	"03:09:54.416"	"+25:34:13.38"	""	""	""	""	"ZTF"	"ZTF"	""	"ZTF"	"ZTF20aabbuck"	"P48 - ZTF-Cam"	""	"1"	"1"	""	"19.69"	"r-ZTF"	"2020-01-02 03:29:57.000"	"ZTF_AMPEL_NEW"	""	""
"51739"	"AT 2020hu"	"10:36:59.114"	"+80:58:24.59"	""	""	""	""	"ZTF"	"ZTF"	""	"ZTF"	"ZTF20aaayrrj"	"P48 - ZTF-Cam"	""	"1"	"1"	""	"19.33"	"g-ZTF"	"2020-01-01 12:23:49.000"	"ZTF_AMPEL_NEW"	""	""
"51738"	"SN 2020ht"	"07:12:22.683"	"+60:50:43.47"	"SN Ia"	"0.065"	""	""	"ZTF, ATLAS"	"ZTF, ATLAS"	"ZTF"	"ATLAS; ZTF"	"ZTF20aaaxrad"	"ATLAS1 - ACAM1, P48 - ZTF-Cam"	"P60 - SEDM"	"1"	"1"	""	"19.24"	"g-ZTF"	"2020-01-01 11:22:07.000"	"ZTF_AMPEL_NEW"	""	""
"51737"	"AT 2020hs"	"09:36:12.107"	"-06:19:00.04"	""	""	""	""	"ZTF, ATLAS"	"ZTF, ATLAS"	""	"ATLAS; ZTF"	"ZTF20aaaxdvw"	"ATLAS1 - ACAM1, P48 - ZTF-Cam"	""	"1"	"1"	""	"19.24"	"g-ZTF"	"2020-01-01 11:05:23.000"	"ZTF_AMPEL_NEW"	""	""
"51736"	"SN 2020hr"	"09:18:29.701"	"+28:08:29.82"	"SN Ia"	"0.0821"	""	""	"ZTF, ATLAS, YSE, Pan-STARRS1"	"ZTF, ATLAS, Pan-STARRS1"	"ZTF"	"ATLAS; Pan-STARRS1; ZTF"	"ZTF20aaavvlv"	"ATLAS1 - ACAM1, P48 - ZTF-Cam, PS1 - GPC1"	"P60 - SEDM"	"1"	"1"	""	"20.56"	"r-ZTF"	"2020-01-01 10:20:28.000"	"ZTF_AMPEL_NEW"	""	""
"51735"	"AT 2020hq"	"04:24:43.004"	"+17:42:23.57"	""	""	""	""	"ZTF, Pan-STARRS1"	"ZTF, Pan-STARRS1"	""	"Pan-STARRS1; ZTF"	"ZTF20aaacdcp"	"P48 - ZTF-Cam, PS1 - GPC1"	""	"1"	"1"	""	"19.52"	"r-ZTF"	"2020-01-04 04:05:43.000"	"ZTF_AMPEL_NEW"	""	""
"51734"	"AT 2020hp"	"07:39:50.760"	"+35:03:52.75"	""	""	""	""	"ZTF, Pan-STARRS1"	"ZTF, Pan-STARRS1"	""	"Pan-STARRS1; ZTF"	"ZTF19adbwsct"	"P48 - ZTF-Cam, PS1 - GPC1"	""	"1"	"1"	""	"19.59"	"r-ZTF"	"2020-01-04 10:19:11.000"	"ZTF_AMPEL_NEW"	""	""
"51731"	"AT 2020ho"	"22:22:30.732"	"+34:12:06.54"	""	""	""	""	"ZTF"	"ZTF"	""	"ZTF"	"ZTF18acawvqe"	"P48 - ZTF-Cam"	""	"1"	"1"	""	"15.5"	"r-ZTF"	"2020-01-02 02:22:00.000"	"ZTF_AMPEL_NEW"	""	""
"51730"	"AT 2020hn"	"11:55:47.230"	"-04:08:16.17"	""	""	""	""	"Pan-STARRS1"	"Pan-STARRS1"	""	"Pan-STARRS1"	"PS20al"	"PS1 - GPC1"	""	"1"	"1"	""	"20.51"	"w-PS1"	"2020-01-02 15:00:00.000"	"PS1_Bot1"	""	""
"51729"	"AT 2020hm"	"10:17:52.433"	"+01:41:59.01"	""	""	""	""	"Pan-STARRS1"	"Pan-STARRS1"	""	"Pan-STARRS1"	"PS20aj"	"PS1 - GPC1"	""	"1"	"1"	""	"20.81"	"w-PS1"	"2020-01-02 13:39:21.000"	"PS1_Bot1"	""	""
"51728"	"AT 2020hl"	"10:08:17.208"	"+07:01:03.09"	""	""	""	""	"Pan-STARRS1"	"Pan-STARRS1"	""	"Pan-STARRS1"	"PS20ai"	"PS1 - GPC1"	""	"1"	"1"	""	"21.97"	"w-PS1"	"2020-01-02 13:27:50.000"	"PS1_Bot1"	""	""
"51727"	"AT 2020hk"	"23:34:23.358"	"+33:01:41.64"	""	""	""	""	"Pan-STARRS1"	"Pan-STARRS1"	""	"Pan-STARRS1"	"PS20ah"	"PS1 - GPC1"	""	"1"	"1"	""	"20.46"	"i-Sloan"	"2020-01-01 05:15:21.000"	"PS1_Bot1"	""	""
"51726"	"AT 2020hj"	"11:41:24.452"	"-04:25:15.45"	""	""	""	""	"Pan-STARRS1"	"Pan-STARRS1"	""	"Pan-STARRS1"	"PS20ag"	"PS1 - GPC1"	""	"1"	"1"	""	"21.38"	"w-PS1"	"2020-01-02 14:55:40.000"	"PS1_Bot1"	""	""
"51725"	"AT 2020hi"	"08:56:06.360"	"+38:00:17.73"	""	""	""	""	"Pan-STARRS1"	"Pan-STARRS1"	""	"Pan-STARRS1"	"PS20af"	"PS1 - GPC1"	""	"1"	"1"	""	"21.73"	"w-PS1"	"2020-01-01 12:20:09.000"	"PS1_Bot1"	""	""
"51724"	"AT 2020hh"	"00:21:43.247"	"+33:18:22.60"	""	""	""	""	"Pan-STARRS1"	"Pan-STARRS1"	""	"Pan-STARRS1"	"PS20ae"	"PS1 - GPC1"	""	"1"	"1"	""	"21.02"	"i-Sloan"	"2020-01-01 05:54:14.000"	"PS1_Bot1"	""	""
"51723"	"AT 2020hg"	"10:09:02.292"	"+00:07:26.64"	""	""	""	""	"Pan-STARRS1"	"Pan-STARRS1"	""	"Pan-STARRS1"	"PS20ad"	"PS1 - GPC1"	""	"1"	"1"	""	"22.05"	"w-PS1"	"2020-01-02 13:40:47.000"	"PS1_Bot1"	""	""
"51722"	"AT 2020hf"	"11:39:42.204"	"-12:01:41.65"	""	""	""	""	"Pan-STARRS1"	"Pan-STARRS1"	""	"Pan-STARRS1"	"PS20ac"	"PS1 - GPC1"	""	"1"	"1"	""	"21.12"	"w-PS1"	"2020-01-01 15:01:26.000"	"PS1_Bot1"	""	""
"51721"	"AT 2020he"	"11:04:57.040"	"-10:56:25.78"	""	""	""	""	"Pan-STARRS1"	"Pan-STARRS1"	""	"Pan-STARRS1"	"PS20ab"	"PS1 - GPC1"	""	"1"	"1"	""	"21.73"	"w-PS1"	"2020-01-01 14:52:48.000"	"PS1_Bot1"	""	""
"51720"	"AT 2020hd"	"11:06:41.911"	"-09:01:17.13"	""	""	""	""	"Pan-STARRS1"	"Pan-STARRS1"	""	"Pan-STARRS1"	"PS20aa"	"PS1 - GPC1"	""	"1"	"1"	""	"21.52"	"w-PS1"	"2020-01-01 14:52:48.000"	"PS1_Bot1"	""	""
"51719"	"AT 2020hc"	"04:43:34.323"	"-09:40:24.35"	""	""	""	""	"Pan-STARRS1"	"Pan-STARRS1"	""	"Pan-STARRS1"	"PS20z"	"PS1 - GPC1"	""	"1"	"1"	""	"20.74"	"i-Sloan"	"2020-01-02 08:15:21.000"	"PS1_Bot1"	""	""
"51718"	"AT 2020hb"	"10:41:09.591"	"+07:46:09.45"	""	""	""	""	"Pan-STARRS1"	"Pan-STARRS1"	""	"Pan-STARRS1"	"PS20y"	"PS1 - GPC1"	""	"1"	"1"	""	"20.56"	"w-PS1"	"2020-01-02 13:32:09.000"	"PS1_Bot1"	""	""
"51717"	"AT 2020ha"	"10:10:15.321"	"+06:58:50.88"	""	""	""	""	"Pan-STARRS1"	"Pan-STARRS1"	""	"Pan-STARRS1"	"PS20x"	"PS1 - GPC1"	""	"1"	"1"	""	"21.58"	"w-PS1"	"2020-01-02 13:27:50.000"	"PS1_Bot1"	""	""
"51716"	"AT 2020gz"	"08:23:50.178"	"-04:40:34.51"	""	""	""	""	"Pan-STARRS1"	"Pan-STARRS1"	""	"Pan-STARRS1"	"PS20w"	"PS1 - GPC1"	""	"1"	"1"	""	"21.72"	"w-PS1"	"2020-01-02 11:57:07.000"	"PS1_Bot1"	""	""
"51715"	"AT 2020gy"	"10:23:07.125"	"+03:33:31.08"	""	""	""	""	"Pan-STARRS1"	"Pan-STARRS1"	""	"Pan-STARRS1"	"PS20v"	"PS1 - GPC1"	""	"1"	"1"	""	"21.25"	"w-PS1"	"2020-01-02 13:30:43.000"	"PS1_Bot1"	""	""
"51714"	"AT 2020gx"	"08:52:12.771"	"+15:19:09.38"	""	""	""	""	"Pan-STARRS1"	"Pan-STARRS1"	""	"Pan-STARRS1"	"PS20u"	"PS1 - GPC1"	""	"1"	"1"	""	"21.97"	"w-PS1"	"2020-01-01 13:37:55.000"	"PS1_Bot1"	""	""
"51713"	"AT 2020gw"	"11:51:12.660"	"-05:18:16.45"	""	""	""	""	"Pan-STARRS1"	"Pan-STARRS1"	""	"Pan-STARRS1"	"PS20s"	"PS1 - GPC1"	""	"1"	"1"	""	"20.72"	"w-PS1"	"2020-01-02 14:57:07.000"	"PS1_Bot1"	""	""
"51712"	"AT 2020gv"	"03:13:20.515"	"+39:50:47.86"	""	""	""	""	"Pan-STARRS1"	"Pan-STARRS1"	""	"Pan-STARRS1"	"PS20r"	"PS1 - GPC1"	""	"1"	"1"	""	"21.4"	"i-Sloan"	"2020-01-01 07:04:48.000"	"PS1_Bot1"	""	""
"51711"	"AT 2020gu"	"11:42:56.069"	"-14:49:07.04"	""	""	""	""	"Pan-STARRS1"	"Pan-STARRS1"	""	"Pan-STARRS1"	"PS20q"	"PS1 - GPC1"	""	"1"	"1"	""	"21.64"	"w-PS1"	"2020-01-01 15:02:52.000"	"PS1_Bot1"	""	""
"51710"	"AT 2020gt"	"11:49:05.034"	"-04:29:08.93"	""	""	""	""	"Pan-STARRS1"	"Pan-STARRS1"	""	"Pan-STARRS1"	"PS20p"	"PS1 - GPC1"	""	"1"	"1"	""	"21.61"	"w-PS1"	"2020-01-02 14:57:07.000"	"PS1_Bot1"	""	""
"51709"	"AT 2020gs"	"10:43:28.177"	"+04:42:10.83"	""	""	""	""	"Pan-STARRS1"	"Pan-STARRS1"	""	"Pan-STARRS1"	"PS20n"	"PS1 - GPC1"	""	"1"	"1"	""	"20.3"	"w-PS1"	"2020-01-02 13:32:09.000"	"PS1_Bot1"	""	""
"51708"	"AT 2020gr"	"10:51:55.180"	"+06:35:00.41"	""	""	""	""	"Pan-STARRS1"	"Pan-STARRS1"	""	"Pan-STARRS1"	"PS20m"	"PS1 - GPC1"	""	"1"	"1"	""	"21.68"	"w-PS1"	"2020-01-02 13:33:35.000"	"PS1_Bot1"	""	""
"51707"	"AT 2020gq"	"01:57:50.221"	"+30:47:10.43"	""	""	""	""	"ZTF"	"ZTF"	""	"ZTF"	"ZTF18acfkghu"	"P48 - ZTF-Cam"	""	"1"	"1"	""	"19.09"	"r-ZTF"	"2020-01-02 02:49:06.000"	"ZTF_AMPEL_COMPLETE"	""	""
"51706"	"AT 2020gp"	"00:35:38.441"	"+43:05:59.46"	""	""	""	""	"ZTF"	"ZTF"	""	"ZTF"	"ZTF18abqejqg"	"P48 - ZTF-Cam"	""	"1"	"1"	""	"17.67"	"r-ZTF"	"2020-01-04 03:43:44.000"	"ZTF_AMPEL_COMPLETE"	""	""
"51705"	"AT 2020go"	"01:17:38.218"	"-19:45:33.35"	""	""	""	""	"ZTF"	"ZTF"	""	"ZTF"	"ZTF18abradhe"	"P48 - ZTF-Cam"	""	"1"	"1"	""	"18.58"	"g-ZTF"	"2020-01-04 02:31:31.000"	"ZTF_AMPEL_NEW"	""	""
"51704"	"AT 2020gn"	"11:39:30.309"	"-12:21:07.10"	""	""	""	""	"Pan-STARRS1"	"Pan-STARRS1"	""	"Pan-STARRS1"	"PS20l"	"PS1 - GPC1"	""	"1"	"1"	""	"21.51"	"w-PS1"	"2020-01-01 15:01:26.000"	"PS1_Bot1"	""	""
"51701"	"AT 2020gm"	"00:04:14.740"	"+68:32:49.06"	""	""	""	""	"GaiaAlerts"	"GaiaAlerts"	""	"GaiaAlerts"	"Gaia20acb"	"Gaia - Gaia-photometric"	""	"1"	"1"	""	"16.96"	"G-Gaia"	"2020-01-04 04:58:04.000"	"Gaia_Bot1"	""	""
"51700"	"AT 2020gl"	"12:35:37.990"	"-66:57:59.36"	""	""	""	""	"GaiaAlerts"	"GaiaAlerts"	""	"GaiaAlerts"	"Gaia20aca"	"Gaia - Gaia-photometric"	""	"1"	"1"	""	"17.28"	"G-Gaia"	"2020-01-04 06:02:52.000"	"Gaia_Bot1"	""	""
"51699"	"AT 2020gk"	"21:19:01.707"	"+25:21:42.19"	""	""	""	""	"ZTF"	"ZTF"	""	"ZTF"	"ZTF18acfrxzs"	"P48 - ZTF-Cam"	""	"1"	"1"	""	"16.46"	"r-ZTF"	"2020-01-03 02:19:57.000"	"ZTF_AMPEL_NEW"	""	""
"51697"	"AT 2020gj"	"20:50:50.030"	"+69:10:53.36"	""	""	""	""	"GaiaAlerts"	"GaiaAlerts"	""	"GaiaAlerts"	"Gaia20abz"	"Gaia - Gaia-photometric"	""	"1"	"1"	""	"16.66"	"G-Gaia"	"2020-01-04 09:27:21.000"	"Gaia_Bot1"	""	""
"51696"	"AT 2020gi"	"04:07:49.300"	"-00:07:16.43"	""	""	""	""	"GaiaAlerts"	"GaiaAlerts"	""	"GaiaAlerts"	"Gaia20aby"	"Gaia - Gaia-photometric"	""	"1"	"1"	""	"17.43"	"G-Gaia"	"2020-01-03 21:40:19.000"	"Gaia_Bot1"	""	""
"51695"	"AT 2020gh"	"20:26:59.890"	"+69:23:55.57"	""	""	""	""	"GaiaAlerts"	"GaiaAlerts"	""	"GaiaAlerts"	"Gaia20abx"	"Gaia - Gaia-photometric"	""	"1"	"1"	""	"18.61"	"G-Gaia"	"2020-01-04 03:28:48.000"	"Gaia_Bot1"	""	""
"51694"	"AT 2020gg"	"15:47:18.420"	"-16:28:39.72"	""	""	""	""	"GaiaAlerts, ATLAS, Pan-STARRS1, ZTF"	"GaiaAlerts, ATLAS, Pan-STARRS1, ZTF"	""	"ATLAS; GaiaAlerts; Pan-STARRS1; ZTF"	"Gaia20abw"	"ATLAS1 - ACAM1, Gaia - Gaia-photometric, P48 - ZTF-Cam, PS1 - GPC1"	""	"1"	"1"	""	"17.56"	"G-Gaia"	"2020-01-04 06:47:31.000"	"Gaia_Bot1"	""	""
"51693"	"AT 2020gf"	"06:08:58.620"	"-57:07:15.38"	""	""	""	""	"GaiaAlerts"	"GaiaAlerts"	""	"GaiaAlerts"	"Gaia20abv"	"Gaia - Gaia-photometric"	""	"1"	"1"	""	"18.77"	"G-Gaia"	"2020-01-04 00:48:57.000"	"Gaia_Bot1"	""	""
"51692"	"AT 2020ge"	"10:07:55.989"	"+25:36:47.56"	""	""	""	""	"ZTF"	"ZTF"	""	"ZTF"	"ZTF20aadbwvc"	"P48 - ZTF-Cam"	""	"1"	"1"	""	"20.5392"	"g-ZTF"	"2020-01-04 12:22:10.000"	"ZTF_CLU_PUBLIC"	""	""
"51691"	"AT 2020gd"	"04:13:59.721"	"+36:51:14.44"	""	""	""	""	"ZTF"	"ZTF"	""	"ZTF"	"ZTF20aacgztv"	"P48 - ZTF-Cam"	""	"1"	"1"	""	"20.3266"	"g-ZTF"	"2020-01-04 03:23:36.000"	"ZTF_CLU_PUBLIC"	""	""
"51690"	"SN 2020gc"	"16:28:46.960"	"+03:51:09.36"	"SN II"	"0.0422"	""	""	"ZTF, GaiaAlerts, ATLAS"	"ZTF, GaiaAlerts, ATLAS"	"ZTF"	"ATLAS; GaiaAlerts; ZTF"	"ZTF20aaazjwc"	"ATLAS1 - ACAM1, Gaia - Gaia-photometric, P48 - ZTF-Cam"	""	"1"	"1"	""	"17.8485"	"g-ZTF"	"2020-01-03 13:09:41.000"	"ZTF_CLU_PUBLIC"	""	""
"51689"	"AT 2020gb"	"15:16:42.292"	"+07:23:32.96"	""	""	""	""	"ZTF, Pan-STARRS1"	"ZTF, Pan-STARRS1"	""	"Pan-STARRS1; ZTF"	"ZTF19aczklnt"	"P48 - ZTF-Cam, PS1 - GPC1"	""	"1"	"1"	""	"20.2441"	"g-ZTF"	"2020-01-04 12:34:33.000"	"ZTF_CLU_PUBLIC"	""	""
"51688"	"SN 2020ga"	"13:54:24.360"	"-48:30:44.57"	"SN Ia"	"0.00917"	"NGC 5333"	"0.00918"	"ASAS-SN"	"ASAS-SN"	"None"	"ASAS-SN"	"ASASSN-20ag"	"ASASSN-2 - Cassius, ASASSN-3 - Paczynski"	"CTIO-4m - COSMOS"	"1"	"1"	""	"15.5"	"g-Sloan"	"2020-01-05 08:38:24.000"	"Stanek"	""	""
"51687"	"AT 2020fz"	"10:06:13.583"	"-14:15:13.80"	""	""	""	""	"ALeRCE"	"ZTF"	""	"ZTF"	"ZTF20aadwsbp"	"P48 - ZTF-Cam"	""	"1"	"1"	""	"20.3934"	"g-ZTF"	"2020-01-05 11:31:17.000"	"ALeRCE"	""	""
"51686"	"AT 2020fy"	"09:01:25.138"	"-11:21:50.21"	""	""	"WISEA J090125.14-112150.3"	""	"ALeRCE"	"ZTF"	""	"ZTF"	"ZTF20aadvpyk"	"P48 - ZTF-Cam"	""	"1"	"1"	""	"19.8757"	"g-ZTF"	"2020-01-05 11:02:22.000"	"ALeRCE"	""	""
"51685"	"AT 2020fx"	"14:21:30.340"	"+18:27:37.18"	"Varstar"	"0"	"2MASX J14213018+1827400"	"0.076594"	"ALeRCE, Pan-STARRS1"	"ZTF, Pan-STARRS1"	"Padova-Asiago"	"Pan-STARRS1; ZTF"	"ZTF20aadymod"	"P48 - ZTF-Cam, PS1 - GPC1"	"Ekar - AFOSC"	"1"	"1"	""	"14.9728"	"g-ZTF"	"2020-01-05 12:57:06.000"	"ALeRCE"	""	""
"51684"	"AT 2020fw"	"15:02:39.148"	"+29:46:35.52"	""	""	"SDSS J150238.93+294633.3"	"0.212"	"ALeRCE"	"ZTF"	""	"ZTF"	"ZTF20aadylyh"	"P48 - ZTF-Cam"	""	"1"	"1"	""	"20.5913"	"g-ZTF"	"2020-01-05 12:53:11.000"	"ALeRCE"	""	""
"51683"	"AT 2020fv"	"13:01:49.626"	"+02:55:24.76"	""	""	"WISEA J130149.84+025526.5"	"0.105748"	"ALeRCE"	"ZTF"	""	"ZTF"	"ZTF20aadxwkc"	"P48 - ZTF-Cam"	""	"1"	"1"	""	"20.3522"	"g-ZTF"	"2020-01-05 12:06:04.000"	"ALeRCE"	""	""
"51682"	"AT 2020fu"	"12:58:54.026"	"-13:09:35.25"	""	""	"WISEA J125854.31-130929.6"	""	"ALeRCE, Pan-STARRS1"	"ZTF, Pan-STARRS1"	""	"Pan-STARRS1; ZTF"	"ZTF20aadxtze"	"P48 - ZTF-Cam, PS1 - GPC1"	""	"1"	"1"	""	"19.8407"	"g-ZTF"	"2020-01-05 12:04:47.000"	"ALeRCE"	""	""
"51681"	"AT 2020ft"	"12:02:24.926"	"+06:16:18.01"	""	""	"WISEA J120224.70+061620.6"	"0.127704"	"ALeRCE, Pan-STARRS1"	"ZTF, Pan-STARRS1"	""	"Pan-STARRS1; ZTF"	"ZTF20aadxrsu"	"P48 - ZTF-Cam, PS1 - GPC1"	""	"1"	"1"	""	"20.1285"	"g-ZTF"	"2020-01-05 12:03:26.000"	"ALeRCE"	""	""
"51680"	"AT 2020fs"	"10:22:03.440"	"-14:30:45.01"	""	""	"WISEA J102203.47-143046.8"	""	"ALeRCE, Pan-STARRS1"	"ZTF, Pan-STARRS1"	""	"Pan-STARRS1; ZTF"	"ZTF20aadwzgp"	"P48 - ZTF-Cam, PS1 - GPC1"	""	"1"	"1"	""	"20.2312"	"g-ZTF"	"2020-01-05 11:41:26.000"	"ALeRCE"	""	""
"51679"	"AT 2020fr"	"08:59:33.586"	"-10:41:52.31"	""	""	"WISEA J085933.58-104152.2"	""	"ALeRCE"	"ZTF"	""	"ZTF"	"ZTF20aadvsdj"	"P48 - ZTF-Cam"	""	"1"	"1"	""	"20.0523"	"g-ZTF"	"2020-01-05 11:02:22.000"	"ALeRCE"	""	""
"51678"	"AT 2020fq"	"07:17:13.261"	"+23:57:20.87"	""	""	"WISEA J071713.17+235721.2"	""	"ALeRCE"	"ZTF"	""	"ZTF"	"ZTF20aadvjvq"	"P48 - ZTF-Cam"	""	"1"	"1"	""	"20.3926"	"g-ZTF"	"2020-01-05 10:57:36.000"	"ALeRCE"	""	""
"51677"	"AT 2020fp"	"07:54:47.821"	"+18:41:14.15"	""	""	"WISEA J075447.90+184113.9"	"0.145736"	"ALeRCE, ZTF"	"ZTF"	""	"ZTF"	"ZTF19adcbanf"	"P48 - ZTF-Cam"	""	"1"	"1"	""	"19.668"	"r-ZTF"	"2020-01-05 10:13:44.000"	"ALeRCE"	""	""
"51676"	"AT 2020fo"	"09:07:28.946"	"-07:18:56.86"	""	""	"WISEA J090729.01-071855.6"	""	"ALeRCE, Pan-STARRS1"	"ZTF, Pan-STARRS1"	""	"Pan-STARRS1; ZTF"	"ZTF20aadtagj"	"P48 - ZTF-Cam, PS1 - GPC1"	""	"1"	"1"	""	"20.1185"	"r-ZTF"	"2020-01-05 10:10:13.000"	"ALeRCE"	""	""
"51675"	"AT 2020fn"	"04:06:59.820"	"+00:52:43.68"	""	""	""	""	"GaiaAlerts"	"GaiaAlerts"	""	"GaiaAlerts"	"Gaia20abu"	"Gaia - Gaia-photometric"	""	"1"	"1"	""	"13.84"	"G-Gaia"	"2020-01-04 01:55:12.000"	"Gaia_Bot1"	""	""
"51674"	"AT 2020fm"	"04:55:03.580"	"-36:44:29.58"	""	""	""	""	"GaiaAlerts"	"GaiaAlerts"	""	"GaiaAlerts"	"Gaia20abt"	"Gaia - Gaia-photometric"	""	"1"	"1"	""	"18.55"	"G-Gaia"	"2020-01-03 13:13:26.000"	"Gaia_Bot1"	""	""
"51673"	"AT 2020fl"	"09:47:32.170"	"-72:46:49.98"	""	""	""	""	"GaiaAlerts"	"GaiaAlerts"	""	"GaiaAlerts"	"Gaia20abs"	"Gaia - Gaia-photometric"	""	"1"	"1"	""	"18.75"	"G-Gaia"	"2020-01-03 18:18:43.000"	"Gaia_Bot1"	""	""
"51672"	"AT 2020fk"	"17:38:24.500"	"+52:44:35.66"	""	""	""	""	"GaiaAlerts"	"GaiaAlerts"	""	"GaiaAlerts"	"Gaia20abr"	"Gaia - Gaia-photometric"	""	"1"	"1"	""	"18.44"	"G-Gaia"	"2020-01-03 15:50:24.000"	"Gaia_Bot1"	""	""
"51671"	"AT 2020fj"	"05:29:26.890"	"-48:21:31.43"	""	""	""	""	"GaiaAlerts"	"GaiaAlerts"	""	"GaiaAlerts"	"Gaia20abq"	"Gaia - Gaia-photometric"	""	"1"	"1"	""	"19.27"	"G-Gaia"	"2020-01-03 18:59:02.000"	"Gaia_Bot1"	""	""
"51670"	"AT 2020fi"	"16:20:39.360"	"+14:44:15.36"	""	""	""	""	"GaiaAlerts"	"GaiaAlerts"	""	"GaiaAlerts"	"Gaia20abp"	"Gaia - Gaia-photometric"	""	"1"	"1"	""	"18.18"	"G-Gaia"	"2020-01-03 10:27:50.000"	"Gaia_Bot1"	""	""
"51669"	"AT 2020fh"	"04:03:06.580"	"+04:44:14.42"	""	""	""	""	"GaiaAlerts"	"GaiaAlerts"	""	"GaiaAlerts"	"Gaia20abo"	"Gaia - Gaia-photometric"	""	"1"	"1"	""	"15.78"	"G-Gaia"	"2020-01-04 01:59:31.000"	"Gaia_Bot1"	""	""
"51668"	"AT 2020fg"	"12:52:01.930"	"-67:31:00.73"	""	""	""	""	"GaiaAlerts"	"GaiaAlerts"	""	"GaiaAlerts"	"Gaia20abn"	"Gaia - Gaia-photometric"	""	"1"	"1"	""	"18.66"	"G-Gaia"	"2020-01-03 18:01:26.000"	"Gaia_Bot1"	""	""
"51659"	"AT 2020ff"	"06:19:52.209"	"+46:42:40.31"	""	""	""	""	"Pan-STARRS1"	"Pan-STARRS1"	""	"Pan-STARRS1"	"PS20k"	"PS1 - GPC1"	""	"1"	"1"	""	"21.85"	"w-PS1"	"2020-01-02 10:37:55.000"	"PS1_Bot1"	""	""
"51658"	"AT 2020fe"	"08:40:46.209"	"-04:07:52.56"	""	""	""	""	"Pan-STARRS1"	"Pan-STARRS1"	""	"Pan-STARRS1"	"PS20g"	"PS1 - GPC1"	""	"1"	"1"	""	"20.11"	"w-PS1"	"2020-01-02 11:58:33.000"	"PS1_Bot1"	""	""
"51657"	"AT 2020fd"	"03:37:14.860"	"+41:18:15.21"	""	""	""	""	"Pan-STARRS1"	"Pan-STARRS1"	""	"Pan-STARRS1"	"PS20f"	"PS1 - GPC1"	""	"1"	"1"	""	"21.49"	"i-Sloan"	"2020-01-01 07:14:52.000"	"PS1_Bot1"	""	""
"51656"	"SN 2020fc"	"10:19:35.360"	"+06:19:42.49"	"SN II"	"0"	""	""	"Pan-STARRS1, YSE"	"Pan-STARRS1"	"UCSC"	"Pan-STARRS1"	"PS20c"	"PS1 - GPC1"	"Keck1 - LRIS"	"1"	"1"	""	"20.67"	"w-PS1"	"2020-01-02 13:29:16.000"	"PS1_Bot1"	""	""
"51653"	"AT 2020fb"	"12:29:10.646"	"-13:22:26.05"	""	""	""	""	"ZTF"	"ZTF"	""	"ZTF"	"ZTF20aabqtno"	"P48 - ZTF-Cam"	""	"1"	"1"	""	"18.94"	"g-ZTF"	"2020-01-02 13:00:28.000"	"ZTF_Bot1"	""	""
"51650"	"AT 2020fa"	"17:48:29.364"	"+78:23:48.75"	""	""	""	""	"ZTF"	"ZTF"	""	"ZTF"	"ZTF20aaaysed"	"P48 - ZTF-Cam"	""	"1"	"1"	""	"19.26"	"g-ZTF"	"2020-01-01 12:10:04.000"	"ZTF_TESS"	""	""
"51649"	"AT 2020ez"	"15:41:58.701"	"+12:12:42.72"	""	""	"WISEA J154158.76+121241.8"	"0.049882"	"ALeRCE, ATLAS"	"ZTF, ATLAS"	""	"ATLAS; ZTF"	"ZTF20aaddano"	"ATLAS1 - ACAM1, P48 - ZTF-Cam"	""	"1"	"1"	""	"19.5652"	"r-ZTF"	"2020-01-04 13:29:42.000"	"ALeRCE"	""	""
"51648"	"AT 2020ey"	"16:53:14.576"	"+52:46:14.42"	""	""	"WISEA J165314.21+524617.4"	""	"ALeRCE"	"ZTF"	""	"ZTF"	"ZTF20aadczqe"	"P48 - ZTF-Cam"	""	"1"	"1"	""	"20.1719"	"r-ZTF"	"2020-01-04 13:27:35.000"	"ALeRCE"	""	""
"51647"	"AT 2020ex"	"16:41:51.646"	"+62:52:04.46"	""	""	"SDSS J164151.76+625202.5"	"0.057"	"ALeRCE"	"ZTF"	""	"ZTF"	"ZTF20aadcygw"	"P48 - ZTF-Cam"	""	"1"	"1"	""	"19.9136"	"r-ZTF"	"2020-01-04 13:23:40.000"	"ALeRCE"	""	""
"51646"	"AT 2020ew"	"15:48:44.214"	"+66:16:43.41"	""	""	"WISEA J154844.11+661642.1"	""	"ALeRCE"	"ZTF"	""	"ZTF"	"ZTF20aadcxll"	"P48 - ZTF-Cam"	""	"1"	"1"	""	"20.3872"	"r-ZTF"	"2020-01-04 13:22:56.000"	"ALeRCE"	""	""
"51645"	"AT 2020ev"	"12:31:53.959"	"+55:02:47.63"	""	""	"2MASX J12315349+5502499"	"0.052717"	"ALeRCE"	"ZTF"	""	"ZTF"	"ZTF19acyjisf"	"P48 - ZTF-Cam"	""	"1"	"1"	""	"20.1452"	"r-ZTF"	"2020-01-04 13:13:03.000"	"ALeRCE"	""	""
"51644"	"AT 2020eu"	"12:20:17.391"	"+33:10:41.67"	""	""	"MSPM 02130"	"0.07033"	"ALeRCE, ZTF"	"ZTF"	""	"ZTF"	"ZTF20aadcqkx"	"P48 - ZTF-Cam"	""	"1"	"1"	""	"19.8578"	"r-ZTF"	"2020-01-04 13:08:17.000"	"ALeRCE"	""	""
"51643"	"AT 2020et"	"11:55:33.709"	"-27:50:51.17"	""	""	"WISEA J115534.31-275100.1"	"0.031485"	"ALeRCE"	"ZTF"	""	"ZTF"	"ZTF20aadcmit"	"P48 - ZTF-Cam"	""	"1"	"1"	""	"19.8438"	"r-ZTF"	"2020-01-04 13:02:24.000"	"ALeRCE"	""	""
"51642"	"SN 2020es"	"13:39:14.560"	"+38:59:46.28"	"SN Ia"	"0.080283"	"2MASX J13391444+3859393"	"0.080283"	"ALeRCE, ZTF, ATLAS, GaiaAlerts, Pan-STARRS1"	"ZTF, ATLAS, GaiaAlerts, Pan-STARRS1"	"ZTF"	"ATLAS; GaiaAlerts; Pan-STARRS1; ZTF"	"ZTF20aadcitq"	"ATLAS1 - ACAM1, Gaia - Gaia-photometric, P48 - ZTF-Cam, PS1 - GPC1"	"P60 - SEDM"	"1"	"1"	""	"20.0413"	"g-ZTF"	"2020-01-04 12:53:22.000"	"ALeRCE"	""	""
"51641"	"AT 2020er"	"13:10:42.324"	"+37:05:17.67"	""	""	"WISEA J131042.38+370519.9"	""	"ALeRCE"	"ZTF"	""	"ZTF"	"ZTF20aadcjdr"	"P48 - ZTF-Cam"	""	"1"	"1"	""	"20.2836"	"g-ZTF"	"2020-01-04 12:53:22.000"	"ALeRCE"	""	""
"51640"	"AT 2020eq"	"13:29:01.067"	"+38:14:09.49"	""	""	"SDSS J132901.32+381410.0"	"0.037"	"ALeRCE, ATLAS, Pan-STARRS1"	"ZTF, ATLAS, Pan-STARRS1"	""	"ATLAS; Pan-STARRS1; ZTF"	"ZTF20aadcirh"	"ATLAS1 - ACAM1, P48 - ZTF-Cam, PS1 - GPC1"	""	"1"	"1"	""	"20.603"	"g-ZTF"	"2020-01-04 12:53:22.000"	"ALeRCE"	""	""
"51639"	"AT 2020ep"	"14:02:54.890"	"+39:59:07.44"	""	""	"WISEA J140254.85+395907.0"	"0.078323"	"ALeRCE, ZTF, ATLAS, GaiaAlerts"	"ZTF, ATLAS, GaiaAlerts"	""	"ATLAS; GaiaAlerts; ZTF"	"ZTF20aadcigi"	"ATLAS1 - ACAM1, Gaia - Gaia-photometric, P48 - ZTF-Cam"	""	"1"	"1"	""	"19.7307"	"g-ZTF"	"2020-01-04 12:51:54.000"	"ALeRCE"	""	""
"51638"	"AT 2020eo"	"13:15:24.148"	"+52:04:04.16"	""	""	"UGC 08332"	"0.060143"	"ALeRCE, ZTF"	"ZTF"	""	"ZTF"	"ZTF20aadcfva"	"P48 - ZTF-Cam"	""	"1"	"1"	""	"19.7717"	"g-ZTF"	"2020-01-04 12:49:55.000"	"ALeRCE"	""	""
"51637"	"AT 2020en"	"15:23:12.230"	"+80:37:45.80"	""	""	"WISEA J152312.20+803749.9"	""	"ALeRCE"	"ZTF"	""	"ZTF"	"ZTF20aadceoq"	"P48 - ZTF-Cam"	""	"1"	"1"	""	"20.2454"	"g-ZTF"	"2020-01-04 12:45:54.000"	"ALeRCE"	""	""
"51636"	"SN 2020em"	"15:39:55.607"	"+21:38:34.67"	"SN Ia"	"0.03812"	"WISEA J153955.65+213835.9"	"0.03812"	"ALeRCE, ZTF, ATLAS"	"ZTF, ATLAS"	"ZTF"	"ATLAS; ZTF"	"ZTF20aadccel"	"ATLAS1 - ACAM1, P48 - ZTF-Cam"	""	"1"	"1"	""	"18.2908"	"g-ZTF"	"2020-01-04 12:37:06.000"	"ALeRCE"	""	""
"51635"	"AT 2020el"	"15:57:08.788"	"+21:30:47.94"	""	""	"WISEA J155708.45+213051.1"	"0.031722"	"ALeRCE, ZTF"	"ZTF"	""	"ZTF"	"ZTF20aaddbem"	"P48 - ZTF-Cam"	""	"1"	"1"	""	"20.0658"	"g-ZTF"	"2020-01-04 12:37:06.000"	"ALeRCE"	""	""
"51634"	"AT 2020ek"	"15:50:18.621"	"+21:56:43.74"	""	""	"WISEA J155018.66+215644.8"	"0.115045"	"ALeRCE"	"ZTF"	""	"ZTF"	"ZTF20aadccez"	"P48 - ZTF-Cam"	""	"1"	"1"	""	"19.7979"	"g-ZTF"	"2020-01-04 12:37:06.000"	"ALeRCE"	""	""
"51633"	"SN 2020ej"	"16:06:47.131"	"+20:32:16.83"	"SN II"	"0.03333"	"WISEA J160647.02+203219.9"	"0.033326"	"ALeRCE, ATLAS, YSE"	"ZTF, ATLAS, Pan-STARRS1"	"ZTF"	"ATLAS; Pan-STARRS1; ZTF"	"ZTF19aczkjxn"	"ATLAS1 - ACAM1, P48 - ZTF-Cam, PS1 - GPC1"	""	"1"	"1"	""	"20.0037"	"g-ZTF"	"2020-01-04 12:37:06.000"	"ALeRCE"	""	""
"51632"	"AT 2020ei"	"15:45:37.884"	"+18:08:03.63"	""	""	"WISEA J154537.86+180803.6"	"0.109898"	"ALeRCE, ZTF"	"ZTF"	""	"ZTF"	"ZTF20aadccer"	"P48 - ZTF-Cam"	""	"1"	"1"	""	"19.8062"	"g-ZTF"	"2020-01-04 12:37:06.000"	"ALeRCE"	""	""
"51631"	"SN 2020eh"	"15:06:48.623"	"+08:44:40.84"	"SN Ia"	"0.04557"	"WISEA J150648.78+084439.7"	"0.045569"	"ALeRCE, ZTF, ATLAS"	"ZTF, ATLAS"	"ZTF"	"ATLAS; ZTF"	"ZTF19acxqakw"	"ATLAS1 - ACAM1, P48 - ZTF-Cam"	"Lick-3m - KAST"	"1"	"1"	""	"18.5947"	"g-ZTF"	"2020-01-04 12:35:47.000"	"ALeRCE"	""	""
"51630"	"AT 2020eg"	"15:20:31.496"	"+11:59:18.10"	""	""	"CGCG 077-078"	"0.031382"	"ALeRCE, ZTF"	"ZTF"	""	"ZTF"	"ZTF19acxqano"	"P48 - ZTF-Cam"	""	"1"	"1"	""	"20.2827"	"g-ZTF"	"2020-01-04 12:35:47.000"	"ALeRCE"	""	""
"51629"	"SN 2020ef"	"15:04:28.733"	"+08:21:41.75"	"SN Ia"	"0.08"	"SDSS J150428.71+082141.1"	"0.067"	"ALeRCE, ZTF, ATLAS"	"ZTF, ATLAS"	"ZTF"	"ATLAS; ZTF"	"ZTF20aadcbux"	"ATLAS1 - ACAM1, P48 - ZTF-Cam"	"P60 - SEDM"	"1"	"1"	""	"18.7082"	"g-ZTF"	"2020-01-04 12:35:47.000"	"ALeRCE"	""	""
"51628"	"AT 2020ee"	"15:19:55.757"	"+02:56:05.95"	""	""	"2MASX J15195572+0256039"	"0.08082"	"ALeRCE"	"ZTF"	""	"ZTF"	"ZTF20aadcbqs"	"P48 - ZTF-Cam"	""	"1"	"1"	""	"19.4674"	"g-ZTF"	"2020-01-04 12:34:29.000"	"ALeRCE"	""	""
"51627"	"AT 2020ed"	"10:11:20.315"	"+17:50:34.96"	""	""	"WISEA J101120.49+175030.0"	"0.074661"	"ALeRCE"	"ZTF"	""	"ZTF"	"ZTF20aaaygjx"	"P48 - ZTF-Cam"	""	"1"	"1"	""	"20.3379"	"g-ZTF"	"2020-01-04 12:27:58.000"	"ALeRCE"	""	""
"51626"	"AT 2020ec"	"11:58:01.960"	"-22:47:27.56"	""	""	"WISEA J115801.94-224726.5"	""	"ALeRCE, Pan-STARRS1"	"ZTF, Pan-STARRS1"	""	"Pan-STARRS1; ZTF"	"ZTF20aadblvr"	"P48 - ZTF-Cam, PS1 - GPC1"	""	"1"	"1"	""	"19.3639"	"g-ZTF"	"2020-01-04 12:01:18.000"	"ALeRCE"	""	""
"51625"	"AT 2020eb"	"08:38:09.327"	"+25:17:23.10"	""	""	"WISEA J083809.07+251722.7"	"0.02961"	"ALeRCE"	"ZTF"	""	"ZTF"	"ZTF20aacyzzp"	"P48 - ZTF-Cam"	""	"1"	"1"	""	"20.347"	"g-ZTF"	"2020-01-04 11:05:18.000"	"ALeRCE"	""	""
"51624"	"AT 2020ea"	"07:37:39.972"	"-08:55:59.19"	""	""	"WISEA J073739.77-085557.8"	""	"ALeRCE"	"ZTF"	""	"ZTF"	"ZTF20aaczcob"	"P48 - ZTF-Cam"	""	"1"	"1"	""	"19.6996"	"g-ZTF"	"2020-01-04 11:04:29.000"	"ALeRCE"	""	""
"51623"	"AT 2020dz"	"11:17:44.486"	"+31:43:21.01"	""	""	"SDSS J111744.37+314321.8"	"0.066"	"ALeRCE"	"ZTF"	""	"ZTF"	"ZTF20aadclfe"	"P48 - ZTF-Cam"	""	"1"	"1"	""	"20.5902"	"r-ZTF"	"2020-01-04 10:38:20.000"	"ALeRCE"	""	""
"51622"	"AT 2020dy"	"10:03:26.709"	"-02:54:00.22"	""	""	"SDSS J100326.98-025359.1"	"0.091"	"ALeRCE"	"ZTF"	""	"ZTF"	"ZTF20aacxhsj"	"P48 - ZTF-Cam"	""	"1"	"1"	""	"20.784"	"r-ZTF"	"2020-01-04 10:28:29.000"	"ALeRCE"	""	""
"51621"	"AT 2020dx"	"10:14:39.977"	"+76:01:52.83"	""	""	"WISEA J101440.93+760152.5"	""	"ALeRCE"	"ZTF"	""	"ZTF"	"ZTF20aacvyjx"	"P48 - ZTF-Cam"	""	"1"	"1"	""	"20.1583"	"r-ZTF"	"2020-01-04 10:04:27.000"	"ALeRCE"	""	""
"51620"	"AT 2020dw"	"04:17:19.728"	"-17:17:22.55"	""	""	"WISEA J041719.70-171722.6"	""	"ALeRCE, ZTF"	"ZTF"	""	"ZTF"	"ZTF20aacewyh"	"P48 - ZTF-Cam"	""	"1"	"1"	""	"18.8367"	"g-ZTF"	"2020-01-04 03:03:34.000"	"ALeRCE"	""	""
"51619"	"SN 2020dv"	"02:29:39.849"	"-27:45:04.68"	"SN Ia"	"0.074"	"WISEA J022939.87-274504.8"	""	"ALeRCE, ATLAS, ZTF"	"ZTF, ATLAS"	"ZTF"	"ATLAS; ZTF"	"ZTF20aacexgb"	"ATLAS1 - ACAM1, P48 - ZTF-Cam"	"P60 - SEDM"	"1"	"1"	""	"18.8343"	"g-ZTF"	"2020-01-04 03:02:09.000"	"ALeRCE"	""	""
"51618"	"SN 2020du"	"01:21:57.460"	"+50:02:47.87"	"SN Ia"	"0.020888"	"UGC 00902"	"0.020888"	"ALeRCE, GaiaAlerts, ATLAS"	"ZTF, GaiaAlerts, ATLAS"	"ZTF"	"ATLAS; GaiaAlerts; ZTF"	"ZTF20aacevxq"	"ATLAS1 - ACAM1, Gaia - Gaia-photometric, P48 - ZTF-Cam"	"P60 - SEDM"	"1"	"1"	""	"19.4082"	"g-ZTF"	"2020-01-04 02:59:16.000"	"ALeRCE"	""	""
"51617"	"AT 2020dt"	"14:00:30.956"	"-29:40:37.65"	""	""	""	""	"ATLAS"	"ATLAS"	""	"ATLAS"	"ATLAS20asg"	"ATLAS1 - ACAM1"	""	"1"	"1"	""	"18.909"	"orange-ATLAS"	"2020-01-03 15:27:21.000"	"ATLAS_Bot1"	""	""
"51615"	"SN 2020ds"	"00:28:38.800"	"-10:11:21.80"	"SN Ia"	"0.05765"	""	""	"ATLAS, GaiaAlerts"	"ATLAS, GaiaAlerts"	"ePESSTO+"	"ATLAS; GaiaAlerts"	"ATLAS20aru"	"ATLAS1 - ACAM1, Gaia - Gaia-photometric"	"ESO-NTT - EFOSC2-NTT"	"1"	"1"	""	"18.896"	"orange-ATLAS"	"2020-01-04 05:39:50.000"	"ATLAS_Bot1"	""	""
"51614"	"SN 2020dr"	"02:45:18.878"	"-17:42:18.51"	"SN Ic"	"0.0257"	""	""	"ATLAS, ZTF"	"ATLAS, ZTF"	"ePESSTO+"	"ATLAS; ZTF"	"ATLAS20arp"	"ATLAS1 - ACAM1, P48 - ZTF-Cam"	"ESO-NTT - EFOSC2-NTT"	"1"	"1"	""	"18.855"	"orange-ATLAS"	"2020-01-04 06:23:02.000"	"ATLAS_Bot1"	""	""
"51613"	"SN 2020dq"	"13:00:18.965"	"-33:37:46.91"	"SN Ia-91bg-like"	"0.046"	""	""	"ATLAS"	"ATLAS"	"ePESSTO+"	"ATLAS"	"ATLAS20aro"	"ATLAS1 - ACAM1"	"ESO-NTT - EFOSC2-NTT"	"1"	"1"	""	"19.092"	"orange-ATLAS"	"2020-01-03 14:11:02.000"	"ATLAS_Bot1"	""	""
"51612"	"SN 2020dp"	"12:39:54.200"	"-23:52:58.22"	"SN Ia"	"0.052"	""	""	"ATLAS, GaiaAlerts"	"ATLAS, GaiaAlerts"	"ePESSTO+"	"ATLAS; GaiaAlerts"	"ATLAS20arm"	"ATLAS1 - ACAM1, Gaia - Gaia-photometric"	"ESO-NTT - EFOSC2-NTT"	"1"	"1"	""	"18.579"	"orange-ATLAS"	"2020-01-03 15:17:16.000"	"ATLAS_Bot1"	""	""
"51611"	"SN 2020do"	"12:01:17.640"	"-35:18:29.05"	"SN Ia"	"0.064"	""	""	"ATLAS, GaiaAlerts"	"ATLAS, GaiaAlerts"	"ePESSTO+"	"ATLAS; GaiaAlerts"	"ATLAS20arl"	"ATLAS1 - ACAM1, Gaia - Gaia-photometric"	"ESO-NTT - EFOSC2-NTT"	"1"	"1"	""	"18.948"	"orange-ATLAS"	"2020-01-03 14:09:36.000"	"ATLAS_Bot1"	""	""
"51610"	"AT 2020dn"	"12:35:36.316"	"-26:03:17.57"	""	""	""	""	"ATLAS"	"ATLAS"	""	"ATLAS"	"ATLAS20arg"	"ATLAS1 - ACAM1"	""	"1"	"1"	""	"19.439"	"orange-ATLAS"	"2020-01-03 14:44:09.000"	"ATLAS_Bot1"	""	""
"51609"	"AT 2020dm"	"13:41:05.331"	"-27:23:30.10"	""	""	""	""	"ATLAS"	"ATLAS"	""	"ATLAS"	"ATLAS20ard"	"ATLAS1 - ACAM1"	""	"1"	"1"	""	"19.266"	"orange-ATLAS"	"2020-01-03 15:21:36.000"	"ATLAS_Bot1"	""	""
"51608"	"AT 2020dl"	"14:36:05.595"	"+48:35:16.96"	""	""	""	""	"ZTF"	"ZTF"	""	"ZTF"	"ZTF20aabqjhy"	"P48 - ZTF-Cam"	""	"1"	"1"	""	"19.6"	"r-ZTF"	"2020-01-02 12:21:36.000"	"ZTF_Bot1"	""	""
"51607"	"AT 2020dk"	"06:25:24.010"	"-66:10:41.02"	""	""	""	""	"GaiaAlerts"	"GaiaAlerts"	""	"GaiaAlerts"	"Gaia20abk"	"Gaia - Gaia-photometric"	""	"1"	"1"	""	"18.75"	"G-Gaia"	"2020-01-03 00:37:26.000"	"Gaia_Bot1"	""	""
"51606"	"AT 2020dj"	"16:04:14.080"	"+09:13:54.12"	""	""	""	""	"GaiaAlerts"	"GaiaAlerts"	""	"GaiaAlerts"	"Gaia20abj"	"Gaia - Gaia-photometric"	""	"1"	"1"	""	"19.2"	"G-Gaia"	"2020-01-02 16:33:35.000"	"Gaia_Bot1"	""	""
"51605"	"AT 2020di"	"18:02:01.620"	"+68:01:34.28"	""	""	""	""	"GaiaAlerts"	"GaiaAlerts"	""	"GaiaAlerts"	"Gaia20abi"	"Gaia - Gaia-photometric"	""	"1"	"1"	""	"18.45"	"G-Gaia"	"2020-01-02 09:37:26.000"	"Gaia_Bot1"	""	""
"51604"	"AT 2020dh"	"14:35:08.140"	"-61:30:55.66"	"Other"	""	""	""	"GaiaAlerts"	"GaiaAlerts"	"None"	"GaiaAlerts"	"Gaia20abf"	"Gaia - Gaia-photometric"	"Gemini-S - GMOS-S"	"1"	"1"	""	"11.35"	"G-Gaia"	"2020-01-01 11:47:02.000"	"Gaia_Bot1"	""	""
"51600"	"SN 2020dg"	"12:15:37.805"	"+27:01:28.00"	"SN Ia"	"0.025584"	""	""	"ZTF, ATLAS"	"ZTF, ATLAS"	"ZTF"	"ATLAS; ZTF"	"ZTF20aabqdbo"	"ATLAS1 - ACAM1, P48 - ZTF-Cam"	""	"1"	"1"	""	"19.1373"	"r-ZTF"	"2020-01-02 11:41:08.000"	"ZTF_CLU_PUBLIC"	""	""
"51599"	"AT 2020df"	"16:26:35.826"	"+39:37:46.97"	""	""	"WISEA J162635.83+393745.9"	"0.109429"	"ALeRCE, ZTF"	"ZTF"	""	"ZTF"	"ZTF20aacdhlf"	"P48 - ZTF-Cam"	""	"1"	"1"	""	"19.1918"	"g-ZTF"	"2020-01-03 13:22:57.000"	"ALeRCE"	""	""
"51598"	"AT 2020de"	"17:56:54.865"	"+41:56:08.12"	""	""	"SDSS J175654.93+415609.3"	"0.049"	"ALeRCE"	"ZTF"	""	"ZTF"	"ZTF20aacdgek"	"P48 - ZTF-Cam"	""	"1"	"1"	""	"18.3788"	"g-ZTF"	"2020-01-03 13:16:47.000"	"ALeRCE"	""	""
"51597"	"SN 2020dd"	"16:44:52.511"	"+42:58:56.16"	"SN Ia"	"0.05847"	"WISEA J164453.20+425857.9"	"0.058561"	"ALeRCE, ATLAS"	"ZTF, ATLAS"	"ZTF"	"ATLAS; ZTF"	"ZTF20aacdfep"	"ATLAS1 - ACAM1, P48 - ZTF-Cam"	"P60 - SEDM"	"1"	"1"	""	"18.9401"	"g-ZTF"	"2020-01-03 13:12:52.000"	"ALeRCE"	""	""
"51596"	"AT 2020dc"	"16:31:39.161"	"+34:04:25.13"	""	""	"WISEA J163138.96+340427.4"	"0.122892"	"ALeRCE"	"ZTF"	""	"ZTF"	"ZTF20aacdfpr"	"P48 - ZTF-Cam"	""	"1"	"1"	""	"19.3574"	"g-ZTF"	"2020-01-03 13:12:13.000"	"ALeRCE"	""	""
"51595"	"AT 2020db"	"14:43:32.312"	"-08:17:49.01"	""	""	"WISEA J144332.34-081752.0"	""	"ALeRCE, ZTF, Pan-STARRS1"	"ZTF, Pan-STARRS1"	""	"Pan-STARRS1; ZTF"	"ZTF20aacdans"	"P48 - ZTF-Cam, PS1 - GPC1"	""	"1"	"1"	""	"18.4209"	"g-ZTF"	"2020-01-03 13:05:44.000"	"ALeRCE"	""	""
"51594"	"AT 2020da"	"12:08:41.920"	"-21:28:58.07"	""	""	"WISEA J120842.01-212858.4"	""	"ALeRCE"	"ZTF"	""	"ZTF"	"ZTF20aacctdf"	"P48 - ZTF-Cam"	""	"1"	"1"	""	"19.6111"	"g-ZTF"	"2020-01-03 12:31:38.000"	"ALeRCE"	""	""
"51593"	"AT 2020cz"	"09:14:45.763"	"-23:10:14.13"	""	""	"WISEA J091445.70-231017.0"	""	"ALeRCE"	"ZTF"	""	"ZTF"	"ZTF20aaccity"	"P48 - ZTF-Cam"	""	"1"	"1"	""	"19.459"	"r-ZTF"	"2020-01-03 11:01:31.000"	"ALeRCE"	""	""
"51592"	"AT 2020cy"	"07:42:35.074"	"+42:15:01.04"	""	""	"NVSS J074235+421500"	""	"ALeRCE"	"ZTF"	""	"ZTF"	"ZTF19adaqnob"	"P48 - ZTF-Cam"	""	"1"	"1"	""	"20.4921"	"r-ZTF"	"2020-01-03 10:23:55.000"	"ALeRCE"	""	""
"51591"	"AT 2020cx"	"05:52:33.116"	"-11:22:29.77"	""	""	"WISEA J055233.19-112229.2"	"0.021858"	"ALeRCE"	"ZTF"	""	"ZTF"	"ZTF20aacalzt"	"P48 - ZTF-Cam"	""	"1"	"1"	""	"18.8442"	"r-ZTF"	"2020-01-03 10:12:17.000"	"ALeRCE"	""	""
"51590"	"SN 2020cw"	"04:52:20.600"	"-18:49:09.26"	"SN II"	"0.03"	""	""	"ATLAS, ZTF, GaiaAlerts, Pan-STARRS1"	"ATLAS, ZTF, GaiaAlerts, Pan-STARRS1"	"ZTF"	"ATLAS; GaiaAlerts; Pan-STARRS1; ZTF"	"ATLAS20apo"	"ATLAS1 - ACAM1, Gaia - Gaia-photometric, P48 - ZTF-Cam, PS1 - GPC1"	"P60 - SEDM"	"1"	"1"	""	"18.974"	"orange-ATLAS"	"2020-01-03 10:39:21.000"	"ATLAS_Bot1"	""	""
"51589"	"AT 2020cv"	"04:10:38.845"	"-26:55:30.02"	""	""	""	""	"ATLAS"	"ATLAS"	""	"ATLAS"	"ATLAS20apf"	"ATLAS1 - ACAM1"	""	"1"	"1"	""	"18.761"	"orange-ATLAS"	"2020-01-03 09:36:00.000"	"ATLAS_Bot1"	""	""
"51588"	"AT 2020cu"	"05:35:27.720"	"-69:12:50.51"	""	""	""	""	"GaiaAlerts"	"GaiaAlerts"	""	"GaiaAlerts"	"Gaia20abe"	"Gaia - Gaia-photometric"	""	"1"	"1"	""	"16.34"	"G-Gaia"	"2020-01-01 18:36:00.000"	"Gaia_Bot1"	""	""
"51587"	"AT 2020ct"	"05:38:32.680"	"-69:28:15.49"	""	""	""	""	"GaiaAlerts"	"GaiaAlerts"	""	"GaiaAlerts"	"Gaia20abd"	"Gaia - Gaia-photometric"	""	"1"	"1"	""	"17.94"	"G-Gaia"	"2020-01-01 18:36:00.000"	"Gaia_Bot1"	""	""
"51586"	"AT 2020cs"	"05:40:53.290"	"-69:14:46.21"	""	""	""	""	"GaiaAlerts"	"GaiaAlerts"	""	"GaiaAlerts"	"Gaia20abc"	"Gaia - Gaia-photometric"	""	"1"	"1"	""	"16.77"	"G-Gaia"	"2020-01-01 18:36:00.000"	"Gaia_Bot1"	""	""
"51585"	"AT 2020cr"	"05:42:31.140"	"-69:27:34.16"	""	""	""	""	"GaiaAlerts"	"GaiaAlerts"	""	"GaiaAlerts"	"Gaia20abb"	"Gaia - Gaia-photometric"	""	"1"	"1"	""	"17.79"	"G-Gaia"	"2020-01-01 18:36:00.000"	"Gaia_Bot1"	""	""
"51584"	"AT 2020cq"	"15:32:41.460"	"-17:37:33.10"	""	""	""	""	"GaiaAlerts"	"GaiaAlerts"	""	"GaiaAlerts"	"Gaia20aba"	"Gaia - Gaia-photometric"	""	"1"	"1"	""	"18.88"	"G-Gaia"	"2020-01-01 10:59:31.000"	"Gaia_Bot1"	""	""
"51583"	"SN 2020cp"	"01:18:33.020"	"-27:36:12.53"	"SN Ia"	"0.058"	""	""	"ATLAS, ZTF, GaiaAlerts"	"ATLAS, ZTF, GaiaAlerts"	"ePESSTO+"	"ATLAS; GaiaAlerts; ZTF"	"ATLAS20aod"	"ATLAS1 - ACAM1, Gaia - Gaia-photometric, P48 - ZTF-Cam"	"ESO-NTT - EFOSC2-NTT"	"1"	"1"	""	"18.542"	"orange-ATLAS"	"2020-01-03 07:43:40.000"	"ATLAS_Bot1"	""	""
"51582"	"AT 2020co"	"04:01:52.710"	"-20:35:09.96"	""	""	""	""	"GaiaAlerts"	"GaiaAlerts"	""	"GaiaAlerts"	"Gaia20aay"	"Gaia - Gaia-photometric"	""	"1"	"1"	""	"16.5"	"G-Gaia"	"2020-01-01 19:32:09.000"	"Gaia_Bot1"	""	""
"51580"	"SN 2020cn"	"21:28:10.710"	"+79:06:36.36"	"SN IIn"	"0.077"	""	""	"GaiaAlerts, ZTF, ATLAS"	"GaiaAlerts, ZTF, ATLAS"	"ZTF"	"ATLAS; GaiaAlerts; ZTF"	"Gaia20aav"	"ATLAS1 - ACAM1, Gaia - Gaia-photometric, P48 - ZTF-Cam"	"P200 - DBSP"	"1"	"1"	""	"18.72"	"G-Gaia"	"2020-01-01 23:08:09.000"	"Gaia_Bot1"	""	""
"51579"	"AT 2020cm"	"04:41:12.020"	"-56:00:40.86"	""	""	""	""	"GaiaAlerts"	"GaiaAlerts"	""	"GaiaAlerts"	"Gaia20aau"	"Gaia - Gaia-photometric"	""	"1"	"1"	""	"18.47"	"G-Gaia"	"2020-01-01 12:51:50.000"	"Gaia_Bot1"	""	""
"51578"	"AT 2020cl"	"15:46:57.910"	"+08:36:45.43"	""	""	""	""	"GaiaAlerts, ZTF, ATLAS, Pan-STARRS1"	"GaiaAlerts, ZTF, ATLAS, Pan-STARRS1"	""	"ATLAS; GaiaAlerts; Pan-STARRS1; ZTF"	"Gaia20aas"	"ATLAS1 - ACAM1, Gaia - Gaia-photometric, P48 - ZTF-Cam, PS1 - GPC1"	""	"1"	"1"	""	"18.67"	"G-Gaia"	"2020-01-01 06:20:09.000"	"Gaia_Bot1"	""	""
"51576"	"AT 2020ck"	"13:21:24.063"	"-12:42:30.37"	""	""	""	""	"ATLAS, Pan-STARRS1"	"ATLAS, Pan-STARRS1"	""	"ATLAS; Pan-STARRS1"	"ATLAS20anq"	"ATLAS1 - ACAM1, PS1 - GPC1"	""	"1"	"1"	""	"19.258"	"orange-ATLAS"	"2020-01-02 14:21:07.000"	"ATLAS_Bot1"	""	""
"51575"	"AT 2020cj"	"12:49:35.402"	"+47:49:52.37"	""	""	""	""	"ATLAS"	"ATLAS"	""	"ATLAS"	"ATLAS20ank"	"ATLAS1 - ACAM1"	""	"1"	"1"	""	"19.886"	"orange-ATLAS"	"2020-01-02 14:15:21.000"	"ATLAS_Bot1"	""	""
"51574"	"AT 2020ci"	"11:06:15.917"	"-04:31:39.42"	""	""	""	""	"ATLAS, Pan-STARRS1"	"ATLAS, Pan-STARRS1"	""	"ATLAS; Pan-STARRS1"	"ATLAS20ams"	"ATLAS1 - ACAM1, PS1 - GPC1"	""	"1"	"1"	""	"19.671"	"orange-ATLAS"	"2020-01-02 13:36:28.000"	"ATLAS_Bot1"	""	""
"51573"	"AT 2020ch"	"14:22:56.240"	"-15:11:42.07"	""	""	""	""	"ATLAS, GaiaAlerts"	"ATLAS, GaiaAlerts"	""	"ATLAS; GaiaAlerts"	"ATLAS20amg"	"ATLAS1 - ACAM1, Gaia - Gaia-photometric"	""	"1"	"1"	""	"18.872"	"orange-ATLAS"	"2020-01-02 15:10:04.000"	"ATLAS_Bot1"	""	""
"51572"	"AT 2020cg"	"12:02:38.662"	"+01:08:38.27"	""	""	""	""	"ATLAS, Pan-STARRS1"	"ATLAS, Pan-STARRS1"	""	"ATLAS; Pan-STARRS1"	"ATLAS20amd"	"ATLAS1 - ACAM1, PS1 - GPC1"	""	"1"	"1"	""	"19.413"	"orange-ATLAS"	"2020-01-02 15:12:57.000"	"ATLAS_Bot1"	""	""
"51571"	"AT 2020cf"	"13:42:47.681"	"+37:44:31.02"	""	""	""	""	"ATLAS"	"ATLAS"	""	"ATLAS"	"ATLAS20alu"	"ATLAS1 - ACAM1"	""	"1"	"1"	""	"19.731"	"orange-ATLAS"	"2020-01-02 14:44:09.000"	"ATLAS_Bot1"	""	""
"51570"	"AT 2020ce"	"10:07:29.138"	"+60:11:39.73"	""	""	""	""	"ATLAS"	"ATLAS"	""	"ATLAS"	"ATLAS20alt"	"ATLAS1 - ACAM1"	""	"1"	"1"	""	"19.378"	"orange-ATLAS"	"2020-01-02 13:56:38.000"	"ATLAS_Bot1"	""	""
"51569"	"SN 2020cd"	"13:32:56.280"	"+54:02:31.74"	"SN II"	"0.04"	""	""	"ATLAS, ZTF, GaiaAlerts"	"ATLAS, ZTF, GaiaAlerts"	"ZTF"	"ATLAS; GaiaAlerts; ZTF"	"ATLAS20als"	"ATLAS1 - ACAM1, Gaia - Gaia-photometric, P48 - ZTF-Cam"	"P60 - SEDM"	"1"	"1"	""	"18.704"	"orange-ATLAS"	"2020-01-02 15:00:00.000"	"ATLAS_Bot1"	""	""
"51568"	"SN 2020cc"	"08:56:52.235"	"+53:47:40.06"	"SN Ia"	"0.08557"	""	""	"ATLAS, ZTF, Pan-STARRS1"	"ATLAS, ZTF, Pan-STARRS1"	"ZTF"	"ATLAS; Pan-STARRS1; ZTF"	"ATLAS20alo"	"ATLAS1 - ACAM1, P48 - ZTF-Cam, PS1 - GPC1"	"P60 - SEDM"	"1"	"1"	""	"19.648"	"orange-ATLAS"	"2020-01-02 12:17:16.000"	"ATLAS_Bot1"	""	""
"51567"	"AT 2020cb"	"07:44:40.086"	"+64:04:46.91"	""	""	""	""	"ATLAS"	"ATLAS"	""	"ATLAS"	"ATLAS20ahj"	"ATLAS1 - ACAM1"	""	"1"	"1"	""	"19.265"	"orange-ATLAS"	"2020-01-02 11:32:38.000"	"ATLAS_Bot1"	""	""
"51566"	"AT 2020ca"	"10:08:25.717"	"+39:52:51.63"	""	""	""	""	"ATLAS"	"ATLAS"	""	"ATLAS"	"ATLAS20afn"	"ATLAS1 - ACAM1"	""	"1"	"1"	""	"19.696"	"orange-ATLAS"	"2020-01-02 11:26:52.000"	"ATLAS_Bot1"	""	""
"51559"	"AT 2020bz"	"17:38:36.321"	"+70:23:21.28"	""	""	"WISEA J173834.82+702328.2"	""	"ALeRCE, ZTF"	"ZTF"	""	"ZTF"	"ZTF20aabqwsh"	"P48 - ZTF-Cam"	""	"1"	"1"	""	"19.605"	"g-ZTF"	"2020-01-02 13:17:26.000"	"ALeRCE"	""	""
"51558"	"SN 2020by"	"17:39:29.170"	"+68:47:32.75"	"SN II"	"0.0272"	"SDSS J173929.59+684751.9"	"0.023"	"ALeRCE, ZTF, ATLAS, GaiaAlerts"	"ZTF, ATLAS, GaiaAlerts"	"TCD, ZTF"	"ATLAS; GaiaAlerts; ZTF"	"ZTF20aabqwtz"	"ATLAS1 - ACAM1, Gaia - Gaia-photometric, P48 - ZTF-Cam"	"LT - SPRAT, P60 - SEDM"	"1"	"1"	""	"18.7156"	"g-ZTF"	"2020-01-02 13:17:26.000"	"ALeRCE"	""	""
"51557"	"AT 2020bx"	"17:20:23.011"	"+67:34:18.31"	""	""	"SDSS J172022.85+673420.2"	"0.07"	"ALeRCE"	"ZTF"	""	"ZTF"	"ZTF20aabqwzn"	"P48 - ZTF-Cam"	""	"1"	"1"	""	"19.5255"	"g-ZTF"	"2020-01-02 13:17:26.000"	"ALeRCE"	""	""
"51556"	"AT 2020bw"	"18:18:14.919"	"+68:40:07.08"	""	""	"WISEA J181814.78+684006.4"	""	"ALeRCE, ZTF"	"ZTF"	""	"ZTF"	"ZTF20aabqxeg"	"P48 - ZTF-Cam"	""	"1"	"1"	""	"18.8575"	"g-ZTF"	"2020-01-02 13:17:26.000"	"ALeRCE"	""	""
"51555"	"AT 2020bv"	"14:39:15.346"	"+47:04:09.11"	""	""	"SDSS J143915.20+470408.6"	"0.221"	"ALeRCE"	"ZTF"	""	"ZTF"	"ZTF20aabqvqp"	"P48 - ZTF-Cam"	""	"1"	"1"	""	"20.2086"	"g-ZTF"	"2020-01-02 13:11:07.000"	"ALeRCE"	""	""
"51554"	"AT 2020bu"	"13:08:11.029"	"-02:00:52.36"	""	""	"WISEA J130810.81-020054.3"	"0.1156"	"ALeRCE"	"ZTF"	""	"ZTF"	"ZTF20aabquhf"	"P48 - ZTF-Cam"	""	"1"	"1"	""	"19.993"	"g-ZTF"	"2020-01-02 13:03:10.000"	"ALeRCE"	""	""
"51553"	"AT 2020bt"	"13:30:51.336"	"-02:10:33.86"	""	""	"SDSS J133051.34-021032.5"	"0.394"	"ALeRCE"	"ZTF"	""	"ZTF"	"ZTF20aabqtxg"	"P48 - ZTF-Cam"	""	"1"	"1"	""	"19.5191"	"g-ZTF"	"2020-01-02 13:03:10.000"	"ALeRCE"	""	""
"51552"	"AT 2020bs"	"13:20:06.302"	"+34:02:29.72"	""	""	"WISEA J132006.86+340232.8"	""	"ALeRCE"	"ZTF"	""	"ZTF"	"ZTF20aabqroo"	"P48 - ZTF-Cam"	""	"1"	"1"	""	"19.5917"	"g-ZTF"	"2020-01-02 12:55:49.000"	"ALeRCE"	""	""
"51551"	"AT 2020br"	"13:04:19.314"	"+67:07:31.00"	""	""	"WISEA J130418.48+670728.6"	"0.125135"	"ALeRCE, ZTF"	"ZTF"	""	"ZTF"	"ZTF20aabqqpj"	"P48 - ZTF-Cam"	""	"1"	"1"	""	"19.8907"	"g-ZTF"	"2020-01-02 12:50:37.000"	"ALeRCE"	""	""
"51550"	"AT 2020bq"	"10:15:23.583"	"-08:18:02.55"	""	""	"WISEA J101523.68-081805.3"	""	"ALeRCE, Pan-STARRS1"	"ZTF, Pan-STARRS1"	""	"Pan-STARRS1; ZTF"	"ZTF20aabqnoo"	"P48 - ZTF-Cam, PS1 - GPC1"	""	"1"	"1"	""	"19.6755"	"g-ZTF"	"2020-01-02 12:37:06.000"	"ALeRCE"	""	""
"51549"	"AT 2020bp"	"11:44:11.754"	"-08:56:36.10"	""	""	"WISEA J114411.68-085635.8"	""	"ALeRCE, ZTF"	"ZTF"	""	"ZTF"	"ZTF20aabqlhm"	"P48 - ZTF-Cam"	""	"1"	"1"	""	"19.4513"	"g-ZTF"	"2020-01-02 12:33:12.000"	"ALeRCE"	""	""
"51548"	"AT 2020bo"	"13:21:02.491"	"+18:06:11.05"	""	""	"WISEA J132101.95+180612.6"	"0.083223"	"ALeRCE"	"ZTF"	""	"ZTF"	"ZTF20aabqzcn"	"P48 - ZTF-Cam"	""	"1"	"1"	""	"19.8868"	"r-ZTF"	"2020-01-02 12:27:44.000"	"ALeRCE"	""	""
"51547"	"AT 2020bn"	"14:04:03.325"	"+36:06:13.77"	""	""	"WISEA J140402.58+360605.7"	"0.07254"	"ALeRCE, Pan-STARRS1"	"ZTF, Pan-STARRS1"	""	"Pan-STARRS1; ZTF"	"ZTF20aabqvea"	"P48 - ZTF-Cam, PS1 - GPC1"	""	"1"	"1"	""	"19.9482"	"r-ZTF"	"2020-01-02 12:24:24.000"	"ALeRCE"	""	""
"51546"	"SN 2020bm"	"14:44:32.595"	"+35:06:19.38"	"SN Ia"	"0.08"	"SDSS J144432.56+350619.7"	"0.213"	"ALeRCE, ZTF"	"ZTF"	"ZTF"	"ZTF"	"ZTF20aabqjht"	"P48 - ZTF-Cam"	"P60 - SEDM"	"1"	"1"	""	"19.6291"	"r-ZTF"	"2020-01-02 12:23:45.000"	"ALeRCE"	""	""
"51545"	"AT 2020bl"	"15:11:22.510"	"+49:00:52.52"	""	""	"WISEA J151122.50+490052.5"	"0.93793"	"ALeRCE, GaiaAlerts"	"ZTF, GaiaAlerts"	""	"GaiaAlerts; ZTF"	"ZTF20aabqvri"	"Gaia - Gaia-photometric, P48 - ZTF-Cam"	""	"1"	"1"	""	"19.9311"	"r-ZTF"	"2020-01-02 12:21:48.000"	"ALeRCE"	""	""
"51544"	"AT 2020bk"	"14:52:03.017"	"+53:09:46.71"	""	""	"SDSS J145203.20+530948.0"	"0.11"	"ALeRCE"	"ZTF"	""	"ZTF"	"ZTF20aabqwan"	"P48 - ZTF-Cam"	""	"1"	"1"	""	"19.6546"	"r-ZTF"	"2020-01-02 12:18:27.000"	"ALeRCE"	""	""
"51543"	"SN 2020bj"	"16:58:25.350"	"+68:13:56.71"	"SN Ia"	"0.05"	"WISEA J165825.34+681357.4"	""	"ALeRCE, ZTF, ATLAS, GaiaAlerts"	"ZTF, ATLAS, GaiaAlerts"	"ZTF"	"ATLAS; GaiaAlerts; ZTF"	"ZTF20aabqiti"	"ATLAS1 - ACAM1, Gaia - Gaia-photometric, P48 - ZTF-Cam"	"P60 - SEDM"	"1"	"1"	""	"17.799"	"r-ZTF"	"2020-01-02 12:17:00.000"	"ALeRCE"	""	""
"51542"	"AT 2020bi"	"14:47:45.271"	"+51:48:39.47"	""	""	"WISEA J144745.27+514839.6"	"0.184644"	"ALeRCE"	"ZTF"	""	"ZTF"	"ZTF19aaujqrd"	"P48 - ZTF-Cam"	""	"1"	"1"	""	"20.0145"	"r-ZTF"	"2020-01-02 12:18:27.000"	"ALeRCE"	""	""
"51541"	"AT 2020bh"	"16:31:10.923"	"+63:51:36.74"	""	""	"SDSS J163111.72+635133.9"	"0.098"	"ALeRCE"	"ZTF"	""	"ZTF"	"ZTF20aabqiwz"	"P48 - ZTF-Cam"	""	"1"	"1"	""	"19.9651"	"r-ZTF"	"2020-01-02 12:16:21.000"	"ALeRCE"	""	""
"51540"	"AT 2020bg"	"16:44:26.710"	"+62:16:24.33"	""	""	"SDSS J164426.67+621624.2"	"0.153"	"ALeRCE, ZTF"	"ZTF"	""	"ZTF"	"ZTF20aabqiqd"	"P48 - ZTF-Cam"	""	"1"	"1"	""	"19.5789"	"r-ZTF"	"2020-01-02 12:16:21.000"	"ALeRCE"	""	""
"51539"	"AT 2020bf"	"15:39:47.573"	"+46:41:48.87"	""	""	"WISEA J153947.83+464145.6"	"0.05381"	"ALeRCE, ZTF"	"ZTF"	""	"ZTF"	"ZTF20aabqiou"	"P48 - ZTF-Cam"	""	"1"	"1"	""	"19.4755"	"r-ZTF"	"2020-01-02 12:15:00.000"	"ALeRCE"	""	""
"51538"	"AT 2020be"	"15:17:22.310"	"+48:14:11.26"	""	""	"WISEA J151723.03+481410.3"	"0.082047"	"ALeRCE"	"ZTF"	""	"ZTF"	"ZTF20aabqvvw"	"P48 - ZTF-Cam"	""	"1"	"1"	""	"20.1573"	"r-ZTF"	"2020-01-02 12:15:00.000"	"ALeRCE"	""	""
"51537"	"AT 2020bd"	"15:33:15.504"	"+41:03:55.95"	""	""	"WISEA J153315.52+410356.6"	""	"ALeRCE"	"ZTF"	""	"ZTF"	"ZTF20aabqilc"	"P48 - ZTF-Cam"	""	"1"	"1"	""	"19.5487"	"r-ZTF"	"2020-01-02 12:14:22.000"	"ALeRCE"	""	""
"51536"	"SN 2020bc"	"15:54:51.324"	"+30:01:31.12"	"SN Ia"	"0.08"	"SDSS J155451.64+300131.0"	"0.082"	"ALeRCE, ZTF"	"ZTF"	"ZTF"	"ZTF"	"ZTF20aabqiiy"	"P48 - ZTF-Cam"	"P60 - SEDM"	"1"	"1"	""	"19.4518"	"r-ZTF"	"2020-01-02 12:13:43.000"	"ALeRCE"	""	""
"51535"	"AT 2020bb"	"15:16:01.952"	"+34:19:24.22"	""	""	"SDSS J151601.96+341925.1"	"0.065"	"ALeRCE"	"ZTF"	""	"ZTF"	"ZTF20aabqimd"	"P48 - ZTF-Cam"	""	"1"	"1"	""	"19.6743"	"r-ZTF"	"2020-01-02 12:12:25.000"	"ALeRCE"	""	""
"51534"	"SN 2020ba"	"15:01:34.898"	"+23:14:39.71"	"SN II"	"0.05"	"SDSS J150134.81+231440.1"	"0.083"	"ALeRCE, ZTF, ATLAS"	"ZTF, ATLAS"	"ZTF"	"ATLAS; ZTF"	"ZTF20aabqiav"	"ATLAS1 - ACAM1, P48 - ZTF-Cam"	"P200 - DBSP"	"1"	"1"	""	"18.1977"	"r-ZTF"	"2020-01-02 12:11:46.000"	"ALeRCE"	""	""
"51533"	"AT 2020az"	"14:54:39.215"	"+22:59:03.70"	""	""	"WISEA J145439.75+225854.6"	"0.117362"	"ALeRCE"	"ZTF"	""	"ZTF"	"ZTF20aabqibc"	"P48 - ZTF-Cam"	""	"1"	"1"	""	"19.6273"	"r-ZTF"	"2020-01-02 12:11:46.000"	"ALeRCE"	""	""
"51532"	"AT 2020ay"	"14:37:27.760"	"+07:01:08.62"	""	""	"SDSS J143727.74+070108.4"	"0.069"	"ALeRCE, ATLAS, ZTF, GaiaAlerts"	"ZTF, ATLAS, GaiaAlerts"	""	"ATLAS; GaiaAlerts; ZTF"	"ZTF20aabqhpy"	"ATLAS1 - ACAM1, Gaia - Gaia-photometric, P48 - ZTF-Cam"	""	"1"	"1"	""	"18.6545"	"r-ZTF"	"2020-01-02 12:07:13.000"	"ALeRCE"	""	""
"51531"	"AT 2020ax"	"14:20:00.936"	"+05:10:52.41"	""	""	"SDSS J142000.89+051051.0"	"0.078"	"ALeRCE, ZTF"	"ZTF"	""	"ZTF"	"ZTF20aabqhhr"	"P48 - ZTF-Cam"	""	"1"	"1"	""	"19.199"	"r-ZTF"	"2020-01-02 12:06:34.000"	"ALeRCE"	""	""
"51530"	"AT 2020aw"	"13:06:48.450"	"-08:18:25.72"	""	""	"WISEA J130648.44-081825.8"	""	"ALeRCE, ZTF"	"ZTF"	""	"ZTF"	"ZTF20aabqhfp"	"P48 - ZTF-Cam"	""	"1"	"1"	""	"19.4168"	"r-ZTF"	"2020-01-02 12:03:57.000"	"ALeRCE"	""	""
"51529"	"SN 2020av"	"12:41:22.930"	"-11:09:20.99"	"SN Iax[02cx-like]"	"0.047977"	"WISEA J124123.16-110919.6"	"0.047977"	"ALeRCE, ATLAS, ZTF, Pan-STARRS1, GaiaAlerts"	"ZTF, ATLAS, Pan-STARRS1, GaiaAlerts"	"ZTF"	"ATLAS; GaiaAlerts; Pan-STARRS1; ZTF"	"ZTF20aabqbxm"	"ATLAS1 - ACAM1, Gaia - Gaia-photometric, P48 - ZTF-Cam, PS1 - GPC1"	"P60 - SEDM"	"1"	"1"	""	"18.3591"	"r-ZTF"	"2020-01-02 11:38:21.000"	"ALeRCE"	""	""
"51528"	"AT 2020au"	"12:39:16.137"	"-06:30:00.47"	""	""	"GALEXASC J123916.23-063001.3"	""	"ALeRCE, ZTF"	"ZTF"	""	"ZTF"	"ZTF20aabqbvs"	"P48 - ZTF-Cam"	""	"1"	"1"	""	"19.0884"	"r-ZTF"	"2020-01-02 11:38:21.000"	"ALeRCE"	""	""
"51527"	"AT 2020at"	"12:26:12.641"	"+05:35:31.61"	""	""	"SDSS J122612.59+053531.0"	"0.116"	"ALeRCE, Pan-STARRS1"	"ZTF, Pan-STARRS1"	""	"Pan-STARRS1; ZTF"	"ZTF20aabqadb"	"P48 - ZTF-Cam, PS1 - GPC1"	""	"1"	"1"	""	"19.7335"	"r-ZTF"	"2020-01-02 11:37:03.000"	"ALeRCE"	""	""
"51526"	"AT 2020as"	"10:30:55.309"	"-19:27:35.22"	""	""	"WISEA J103055.31-192735.6"	""	"ALeRCE, ZTF"	"ZTF"	""	"ZTF"	"ZTF20aabpmlx"	"P48 - ZTF-Cam"	""	"1"	"1"	""	"19.1697"	"r-ZTF"	"2020-01-02 11:01:19.000"	"ALeRCE"	""	""
"51525"	"AT 2020ar"	"03:07:15.927"	"-07:26:42.00"	""	""	"2MASX J03071596-0726454"	"0.036434"	"ALeRCE, ZTF, Pan-STARRS1"	"ZTF, Pan-STARRS1"	""	"Pan-STARRS1; ZTF"	"ZTF20aabcpcs"	"P48 - ZTF-Cam, PS1 - GPC1"	""	"1"	"1"	""	"19.8373"	"g-ZTF"	"2020-01-02 04:28:13.000"	"ALeRCE"	""	""
"51524"	"AT 2020aq"	"02:48:31.202"	"-05:37:20.86"	""	""	"SDSS J024831.39-053726.4"	"0.128"	"ALeRCE"	"ZTF"	""	"ZTF"	"ZTF20aabcopd"	"P48 - ZTF-Cam"	""	"1"	"1"	""	"19.5586"	"g-ZTF"	"2020-01-02 04:27:34.000"	"ALeRCE"	""	""
"51523"	"SN 2020ap"	"03:45:22.610"	"+04:16:13.15"	"SN Ia"	"0.048"	"SDSS J034522.64+041608.7"	"0.04"	"ALeRCE, GaiaAlerts, ZTF"	"ZTF, GaiaAlerts"	"ZTF"	"GaiaAlerts; ZTF"	"ZTF20aabcouv"	"Gaia - Gaia-photometric, P48 - ZTF-Cam"	"APO-3.5m - DIS"	"1"	"1"	""	"18.8739"	"g-ZTF"	"2020-01-02 04:24:18.000"	"ALeRCE"	""	""
"51522"	"AT 2020ao"	"04:45:23.597"	"+04:56:32.10"	""	""	"WISEA J044523.55+045627.9"	""	"ALeRCE"	"ZTF"	""	"ZTF"	"ZTF20aabbcvk"	"P48 - ZTF-Cam"	""	"1"	"1"	""	"19.5734"	"r-ZTF"	"2020-01-02 03:08:26.000"	"ALeRCE"	""	""
"51518"	"AT 2020an"	"22:31:18.979"	"-13:45:06.39"	""	""	""	""	"ATLAS"	"ATLAS"	""	"ATLAS"	"ATLAS20afk"	"ATLAS1 - ACAM1"	""	"1"	"1"	""	"18.62"	"orange-ATLAS"	"2020-01-02 05:12:28.000"	"ATLAS_Bot1"	""	""
"51517"	"AT 2020am"	"02:21:19.388"	"+11:16:45.21"	""	""	""	""	"ATLAS, ZTF"	"ATLAS, ZTF"	""	"ATLAS; ZTF"	"ATLAS20afb"	"ATLAS1 - ACAM1, P48 - ZTF-Cam"	""	"1"	"1"	""	"18.969"	"orange-ATLAS"	"2020-01-02 06:57:36.000"	"ATLAS_Bot1"	""	""
"51514"	"AT 2020al"	"09:34:05.240"	"+10:06:26.60"	""	""	"NGC2914"	""	""	""	""	""	""	"Other - Other"	""	"1"	"1"	""	"17.6"	"Clear-"	"2020-01-02 02:14:02.000"	"Marchais"	""	""
"51513"	"AT 2020ak"	"15:46:13.230"	"+12:57:21.46"	""	""	""	""	"GaiaAlerts"	"GaiaAlerts"	""	"GaiaAlerts"	"Gaia20aap"	"Gaia - Gaia-photometric"	""	"1"	"1"	""	"18.91"	"G-Gaia"	"2020-01-01 00:17:16.000"	"Gaia_Bot1"	""	""
"51510"	"AT 2020aj"	"15:55:16.680"	"+23:54:36.07"	""	""	""	""	"GaiaAlerts"	"GaiaAlerts"	""	"GaiaAlerts"	"Gaia20aam"	"Gaia - Gaia-photometric"	""	"1"	"1"	""	"17.89"	"G-Gaia"	"2020-01-01 04:19:12.000"	"Gaia_Bot1"	""	""
"51508"	"AT 2020ai"	"04:07:24.370"	"-43:35:24.29"	""	""	""	""	"GaiaAlerts"	"GaiaAlerts"	""	"GaiaAlerts"	"Gaia20aag"	"Gaia - Gaia-photometric"	""	"1"	"1"	""	"18.94"	"G-Gaia"	"2020-01-01 01:06:14.000"	"Gaia_Bot1"	""	""
"51507"	"AT 2020ah"	"11:58:53.035"	"+35:22:11.79"	""	""	""	""	"ATLAS, Pan-STARRS1"	"ATLAS, Pan-STARRS1"	""	"ATLAS; Pan-STARRS1"	"ATLAS20ael"	"ATLAS1 - ACAM1, PS1 - GPC1"	""	"1"	"1"	""	"19.865"	"orange-ATLAS"	"2020-01-01 13:16:19.000"	"ATLAS_Bot1"	""	""
"51505"	"AT 2020ag"	"12:12:30.185"	"-15:20:40.85"	""	""	""	""	"ATLAS, ZTF, Pan-STARRS1"	"ATLAS, ZTF, Pan-STARRS1"	""	"ATLAS; Pan-STARRS1; ZTF"	"ATLAS20adq"	"ATLAS1 - ACAM1, P48 - ZTF-Cam, PS1 - GPC1"	""	"1"	"1"	""	"18.587"	"orange-ATLAS"	"2020-01-01 13:24:57.000"	"ATLAS_Bot1"	""	""
"51484"	"SN 2020af"	"15:38:55.480"	"+04:34:41.05"	"SN Ia"	"0"	""	""	"MASTER, GaiaAlerts, ATLAS, Pan-STARRS1"	"MASTER, GaiaAlerts, ATLAS, Pan-STARRS1"	"None"	"ATLAS; GaiaAlerts; MASTER; Pan-STARRS1"	"MASTER OT J153855.46+043442.3"	"ATLAS1 - ACAM1, Gaia - Gaia-photometric, Other - Other, PS1 - GPC1"	"LT - SPRAT"	"1"	"1"	""	"18"	"Clear-"	"2020-01-01 01:59:50.000"	"MASTER"	""	""
"51483"	"AT 2020ae"	"07:18:45.497"	"+19:44:38.91"	"CV"	"0"	""	""	"MASTER, ZTF, ATLAS"	"MASTER, ZTF, ATLAS"	"Padova-Asiago"	"ATLAS; MASTER; ZTF"	"MASTER OT J071845.44+194439.4"	"ATLAS1 - ACAM1, Other - Other, P48 - ZTF-Cam"	"Ekar - AFOSC"	"1"	"1"	""	"16.5"	"Clear-"	"2020-01-01 01:33:58.000"	"MASTER"	""	""
"51482"	"SN 2020ad"	"13:57:56.810"	"-29:17:07.40"	"SN II"	"0.0089"	"IC 4351"	""	"ATLAS, GaiaAlerts"	"ATLAS, GaiaAlerts"	"None"	"ATLAS; GaiaAlerts"	""	"ATLAS1 - ACAM1, Gaia - Gaia-photometric, Other - Other"	"LT - SPRAT"	"1"	"1"	""	"16.9"	"Clear-"	"2020-01-01 20:33:54.000"	"Itagaki"	""	""
"51481"	"SN 2020ac"	"09:56:55.129"	"+15:42:09.04"	"SN Ia-91T-like"	"0.074"	""	""	"ATLAS, Pan-STARRS1"	"ATLAS, Pan-STARRS1"	"ePESSTO+"	"ATLAS; Pan-STARRS1"	"ATLAS20abm"	"ATLAS1 - ACAM1, PS1 - GPC1"	"ESO-NTT - EFOSC2-NTT"	"1"	"1"	""	"18.655"	"orange-ATLAS"	"2020-01-01 13:45:07.000"	"ATLAS_Bot1"	""	""
"51480"	"AT 2020ab"	"13:25:45.669"	"-11:49:41.47"	""	""	""	""	"ATLAS"	"ATLAS"	""	"ATLAS"	"ATLAS20abj"	"ATLAS1 - ACAM1"	""	"1"	"1"	""	"19.181"	"orange-ATLAS"	"2020-01-01 14:29:45.000"	"ATLAS_Bot1"	""	""
"51479"	"AT 2020aa"	"11:54:25.280"	"+26:49:16.66"	""	""	""	""	"ATLAS, ZTF"	"ATLAS, ZTF"	""	"ATLAS; ZTF"	"ATLAS20aaq"	"ATLAS1 - ACAM1, P48 - ZTF-Cam"	""	"1"	"1"	""	"19.57"	"orange-ATLAS"	"2020-01-01 13:17:45.000"	"ATLAS_Bot1"	""	""
"51478"	"AT 2020Z"	"11:55:23.582"	"+09:18:08.11"	""	""	""	""	"ATLAS, ZTF"	"ATLAS, ZTF"	""	"ATLAS; ZTF"	"ATLAS20aap"	"ATLAS1 - ACAM1, P48 - ZTF-Cam"	""	"1"	"1"	""	"19.454"	"orange-ATLAS"	"2020-01-01 13:22:04.000"	"ATLAS_Bot1"	""	""
"51476"	"AT 2020Y"	"17:10:49.462"	"+77:22:42.76"	""	""	"SDSS J171049.10+772242.6"	"0.082"	"ALeRCE, ZTF"	"ZTF"	""	"ZTF"	"ZTF20aaayrpo"	"P48 - ZTF-Cam"	""	"1"	"1"	""	"19.4694"	"g-ZTF"	"2020-01-01 12:09:37.000"	"ALeRCE"	""	""
"51475"	"AT 2020X"	"13:01:08.136"	"+63:15:11.46"	""	""	"LEDA 2652402"	"0.13202"	"ALeRCE"	"ZTF"	""	"ZTF"	"ZTF20aaayrmp"	"P48 - ZTF-Cam"	""	"1"	"1"	""	"20.0348"	"g-ZTF"	"2020-01-01 12:07:22.000"	"ALeRCE"	""	""
"51474"	"AT 2020W"	"13:06:33.512"	"+62:39:19.45"	""	""	"WISEA J130633.66+623919.4"	"0.133058"	"ALeRCE"	"ZTF"	""	"ZTF"	"ZTF18aawdbcu"	"P48 - ZTF-Cam"	""	"1"	"1"	""	"20.3155"	"g-ZTF"	"2020-01-01 12:07:22.000"	"ALeRCE"	""	""
"51473"	"AT 2020V"	"12:29:22.319"	"+62:55:11.76"	""	""	"SDSS J122922.12+625512.6"	"0.13"	"ALeRCE"	"ZTF"	""	"ZTF"	"ZTF19adcfyvu"	"P48 - ZTF-Cam"	""	"1"	"1"	""	"20.7236"	"g-ZTF"	"2020-01-01 12:07:22.000"	"ALeRCE"	""	""
"51472"	"AT 2020U"	"12:14:31.920"	"+30:17:53.42"	""	""	"WISEA J121431.90+301753.6"	"0.134252"	"ALeRCE"	"ZTF"	""	"ZTF"	"ZTF18aahsxrw"	"P48 - ZTF-Cam"	""	"1"	"1"	""	"20.5422"	"g-ZTF"	"2020-01-01 12:05:17.000"	"ALeRCE"	""	""
"51471"	"AT 2020T"	"11:37:52.723"	"+08:24:01.65"	""	""	"WISEA J113752.62+082400.8"	"0.115329"	"ALeRCE, ZTF"	"ZTF"	""	"ZTF"	"ZTF20aaayobf"	"P48 - ZTF-Cam"	""	"1"	"1"	""	"19.9255"	"g-ZTF"	"2020-01-01 12:02:36.000"	"ALeRCE"	""	""
"51470"	"AT 2020S"	"08:45:46.265"	"+16:16:19.15"	""	""	"SDSS J084546.55+161619.6"	"0.141"	"ALeRCE"	"ZTF"	""	"ZTF"	"ZTF20aaaxkrh"	"P48 - ZTF-Cam"	""	"1"	"1"	""	"20.3549"	"g-ZTF"	"2020-01-01 11:10:36.000"	"ALeRCE"	""	""
"51469"	"AT 2020R"	"09:08:19.640"	"-03:52:02.11"	""	""	""	""	"ALeRCE"	"ZTF"	""	"ZTF"	"ZTF20aaaxffj"	"P48 - ZTF-Cam"	""	"1"	"1"	""	"20.0384"	"g-ZTF"	"2020-01-01 11:06:04.000"	"ALeRCE"	""	""
"51468"	"AT 2020Q"	"09:04:53.681"	"-01:35:50.37"	""	""	"SDSS J090453.62-013550.6"	"0.086"	"ALeRCE"	"ZTF"	""	"ZTF"	"ZTF20aaaxgll"	"P48 - ZTF-Cam"	""	"1"	"1"	""	"20.1732"	"g-ZTF"	"2020-01-01 11:06:04.000"	"ALeRCE"	""	""
"51467"	"AT 2020P"	"10:14:12.566"	"+09:09:27.33"	""	""	"WISEA J101412.55+090926.6"	"0.11855"	"ALeRCE"	"ZTF"	""	"ZTF"	"ZTF20aaaxcoe"	"P48 - ZTF-Cam"	""	"1"	"1"	""	"19.5664"	"r-ZTF"	"2020-01-01 10:58:26.000"	"ALeRCE"	""	""
"51466"	"AT 2020O"	"10:11:55.844"	"+08:15:14.71"	""	""	"WISEA J101155.87+081516.3"	"0.101781"	"ALeRCE"	"ZTF"	""	"ZTF"	"ZTF20aaaxakx"	"P48 - ZTF-Cam"	""	"1"	"1"	""	"19.8914"	"r-ZTF"	"2020-01-01 10:57:05.000"	"ALeRCE"	""	""
"51465"	"AT 2020N"	"10:59:28.283"	"+21:52:39.16"	""	""	"SDSS J105928.27+215238.8"	"0.154"	"ALeRCE, ZTF"	"ZTF"	""	"ZTF"	"ZTF20aaaymqt"	"P48 - ZTF-Cam"	""	"1"	"1"	""	"20.3592"	"r-ZTF"	"2020-01-01 10:51:45.000"	"ALeRCE"	""	""
"51464"	"AT 2020M"	"13:59:28.017"	"+81:21:56.07"	""	""	"WISEA J135928.14+812154.2"	""	"ALeRCE, ZTF"	"ZTF"	""	"ZTF"	"ZTF20aaawfzb"	"P48 - ZTF-Cam"	""	"1"	"1"	""	"19.1857"	"r-ZTF"	"2020-01-01 10:22:15.000"	"ALeRCE"	""	""
"51463"	"SN 2020L"	"09:37:57.470"	"+06:44:29.23"	"SN Ia"	"0.0617"	"WISEA J093757.32+064433.4"	"0.061762"	"ALeRCE, ZTF, Pan-STARRS1"	"ZTF, Pan-STARRS1"	"ZTF"	"Pan-STARRS1; ZTF"	"ZTF20aaawbxl"	"P48 - ZTF-Cam, PS1 - GPC1"	"LT - SPRAT"	"1"	"1"	""	"18.7811"	"r-ZTF"	"2020-01-01 10:15:36.000"	"ALeRCE"	""	""
"51462"	"SN 2020K"	"09:50:06.510"	"+05:43:25.16"	"SN Ia"	"0.0924"	"SDSS J095006.51+054325.4"	"0.092"	"ALeRCE, ZTF"	"ZTF"	"ZTF"	"ZTF"	"ZTF20aaawbkz"	"P48 - ZTF-Cam"	"LT - SPRAT"	"1"	"1"	""	"18.9753"	"r-ZTF"	"2020-01-01 10:15:36.000"	"ALeRCE"	""	""
"51461"	"AT 2020J"	"09:32:57.837"	"+08:39:06.25"	""	""	"SDSS J093257.85+083906.4"	"0.09"	"ALeRCE"	"ZTF"	""	"ZTF"	"ZTF20aaavzur"	"P48 - ZTF-Cam"	""	"1"	"1"	""	"20.0475"	"r-ZTF"	"2020-01-01 10:14:56.000"	"ALeRCE"	""	""
"51460"	"AT 2020I"	"09:33:08.387"	"+08:46:46.77"	""	""	"WISEA J093307.85+084643.7"	"0.125038"	"ALeRCE, ATLAS, ZTF, Pan-STARRS1"	"ZTF, ATLAS, Pan-STARRS1"	""	"ATLAS; Pan-STARRS1; ZTF"	"ZTF20aaavzup"	"ATLAS1 - ACAM1, P48 - ZTF-Cam, PS1 - GPC1"	""	"1"	"1"	""	"19.8595"	"r-ZTF"	"2020-01-01 10:14:56.000"	"ALeRCE"	""	""
"51459"	"AT 2020H"	"03:27:45.149"	"+40:02:00.60"	""	""	"UGC 02743"	"0.013576"	"ALeRCE"	"ZTF"	""	"ZTF"	"ZTF20aaacxwz"	"P48 - ZTF-Cam"	""	"1"	"1"	""	"20.0951"	"r-ZTF"	"2020-01-01 03:48:26.000"	"ALeRCE"	""	""
"51458"	"SN 2020G"	"01:37:12.230"	"+40:21:57.82"	"SN Ia"	"0.065"	"2MASX J01371161+4021533"	""	"ALeRCE, ZTF, GaiaAlerts, ATLAS"	"ZTF, GaiaAlerts, ATLAS"	"ZTF"	"ATLAS; GaiaAlerts; ZTF"	"ZTF20aaactgu"	"ATLAS1 - ACAM1, Gaia - Gaia-photometric, P48 - ZTF-Cam"	"P60 - SEDM"	"1"	"1"	""	"20.2123"	"r-ZTF"	"2020-01-01 03:38:16.000"	"ALeRCE"	""	""
"51457"	"AT 2020F"	"01:47:54.159"	"+15:58:24.37"	""	""	"SDSS J014754.26+155824.4"	"0.062"	"ALeRCE"	"ZTF"	""	"ZTF"	"ZTF20aaabsib"	"P48 - ZTF-Cam"	""	"1"	"1"	""	"19.7296"	"g-ZTF"	"2020-01-01 03:01:56.000"	"ALeRCE"	""	""
"51456"	"SN 2020E"	"22:35:46.230"	"+44:52:56.46"	"SN Ia"	"0.06"	"WISEA J223546.89+445250.1"	""	"ALeRCE, ATLAS, GaiaAlerts"	"ZTF, ATLAS, GaiaAlerts"	"ZTF"	"ATLAS; GaiaAlerts; ZTF"	"ZTF20aaaboph"	"ATLAS1 - ACAM1, Gaia - Gaia-photometric, P48 - ZTF-Cam"	"P60 - SEDM"	"1"	"1"	""	"19.1002"	"g-ZTF"	"2020-01-01 02:57:12.000"	"ALeRCE"	""	""
"51455"	"AT 2020D"	"00:22:01.567"	"+47:06:41.36"	""	""	"WISEA J002201.64+470641.2"	""	"ALeRCE"	"ZTF"	""	"ZTF"	"ZTF20aaaakav"	"P48 - ZTF-Cam"	""	"1"	"1"	""	"20.5582"	"g-ZTF"	"2020-01-01 02:07:31.000"	"ALeRCE"	""	""
"51454"	"AT 2020C"	"23:56:09.976"	"+51:45:00.86"	""	""	"WISEA J235610.38+514452.0"	""	"ALeRCE"	"ZTF"	""	"ZTF"	"ZTF20aaaaiha"	"P48 - ZTF-Cam"	""	"1"	"1"	""	"20.2473"	"g-ZTF"	"2020-01-01 02:06:52.000"	"ALeRCE"	""	""
"51449"	"AT 2020B"	"00:41:48.990"	"+41:05:22.60"	""	""	"M31"	""	"XOSS"	"XOSS"	""	"XOSS"	"XM22MZ"	"Other - Other"	""	"1"	"1"	""	"19.8"	"Clear-"	"2020-01-01 12:33:17.000"	"Zhang"	""	""
"51439"	"AT 2020A"	"00:21:45.013"	"+32:37:39.45"	""	""	"SDSS J002145.34+323738.3"	"0.100534"	"SGLF, Pan-STARRS1"	"ZTF, Pan-STARRS1"	""	"Pan-STARRS1; SGLF"	"ZTF20aaaaexg"	"P48 - ZTF-Cam, PS1 - GPC1"	""	"1"	"1"	""	"20.272"	"g-ZTF"	"2020-01-01 02:03:08.000"	"Perez-Fournon"	""	""